id,Distributor
dist1,Walt Disney
dist2,Warner Bros.
dist3,Universal
dist4,Sony Pictures
dist5,20th Century Fox
dist6,Paramount Pictures
dist7,Lionsgate
dist8,New Line
dist9,MGM
dist10,Well Go USA
dist11,Dreamworks SKG
dist12,Miramax
dist13,Focus Features
dist14,Weinstein Co.
dist15,Fox Searchlight
dist16,China Lion Film Distribution
dist17,CMC Pictures
dist18,United Artists
dist19,Sony Pictures Classics
dist20,Summit Entertainment
dist21,20th Century Studios
dist22,Orion Pictures
dist23,STX Entertainment
dist24,Sony/TriStar
dist25,Relativity
dist26,FUNimation
dist27,Miramax/Dimension
dist28,CJ Entertainment
dist29,Open Road
dist30,Columbia
dist31,IFC Films
dist32,Eros Entertainment
dist33,Magnolia Pictures
dist34,A24
dist35,UTV Communications
dist36,GKIDS
dist37,Gramercy
dist38,Roadside Attractions
dist39,Newmarket Films
dist40,Paramount Vantage
dist41,Asia Releasing
dist42,The H Collective
dist43,CBS Films
dist44,Yash Raj Films
dist45,FilmDistrict
dist46,NiuVision Media
dist47,IMAX Films
dist48,Artisan
dist49,Weinstein/Dimension
dist50,Overture Films
dist51,Neon
dist52,USA Films
dist53,Viva Entertainment
dist54,Picturehouse
dist55,Cannon
dist56,RKO Radio Pictures
dist57,FilmRise
dist58,Samuel Goldwyn Films
dist59,Fine Line
dist60,Searchlight Pictures
dist61,Bleecker Street
dist62,Music Box Films
dist63,FIP
dist64,Warner Independent
dist65,Entertainment One
dist66,AMC Independent
dist67,Freestyle Releasing
dist68,Focus/Rogue Pictures
dist69,Great India Films
dist70,Self Distributed
dist71,New World
dist72,Avco Embassy
dist73,Amazon Studios
dist74,Filmways Pictures
dist75,Crunchyroll
dist76,Vestron
dist77,Variance Films
dist78,Mongrel Media
dist79,MGM/UA Classics
dist80,Polygram
dist81,Entertainment Studios Motio…
dist82,Shout! Factory
dist83,Saban Films
dist84,Capelight Pictures
dist85,Fathom Events
dist86,MacGillivray Freeman Films
dist87,Alliance Atlantis
dist88,Cohen Media Group
dist89,Eleven Arts
dist90,Pure Flix Entertainment
dist91,Reliance Big Pictures
dist92,Goldwyn Entertainment
dist93,Wrekin Hill Entertainment
dist94,Zee Studios
dist95,American International Pict…
dist96,Netflix
dist97,Tiger Pictures Entertainment
dist98,Embassy
dist99,Annapurna Pictures
dist100,Strand
dist101,Alchemy
dist102,Sarigama Cinemas
dist103,Savoy
dist104,Kino Lorber
dist105,EuropaCorp
dist106,Broad Green Pictures
dist107,Trafalgar Releasing
dist108,Film Movement
dist109,Distrib Films
dist110,Aviron Pictures
dist111,Vertical Entertainment
dist112,RADiUS-TWC
dist113,ThinkFilm
dist114,Atlantic
dist115,Anchor Bay Entertainment
dist116,National Geographic Enterta…
dist117,Allied Artists
dist118,nWave Pictures
dist119,Fox International
dist120,De Laurentiis Entertainment…
dist121,Big Pictures
dist122,CM Pictures
dist123,United Film Distribution Co.
dist124,Angel Studios
dist125,October Films
dist126,IDP Distribution
dist127,Sunn Classics Pictures
dist128,Associated Film Distributors
dist129,Yari Film Group Releasing
dist130,Entertainment One
dist131,Indomina Releasing
dist132,Reliance Entertainment
dist133,Lionsgate Premiere
dist134,Global Road
dist135,AdLab Films
dist136,Kino International
dist137,Pan Media & Entertainment
dist138,Quartet Films
dist139,Trimark
dist140,Greenwich
dist141,Studio 18
dist142,Regent Releasing
dist143,The Orchard
dist144,Gravitas Ventures
dist145,3D Entertainment
dist146,Crown
dist147,American Cinema Releasing
dist148,First Look
dist149,101 Studios
dist150,Compass International
dist151,Janus Films
dist152,Triumph Releasing
dist153,MPI Media Group
dist154,Apparition
dist155,Rocky Mountain Pictures
dist156,Clarius Entertainment
dist157,Pacific International
dist158,Zeitgeist
dist159,Screen Media Films
dist160,Vitagraph Films
dist161,Magnet Pictures
dist162,Oscilloscope Pictures
dist163,Giant Screen Films
dist164,Crimson Forest Entertainmen…
dist165,Destination Films
dist166,Drafthouse Films
dist167,IDP/Goldwyn/Roadside
dist168,IFC First Take
dist169,Wanda Media Group
dist170,Swen Group
dist171,Blue Fox Entertainment
dist172,JBG Pictures
dist173,High Top Releasing
dist174,Alliance Atlantis
dist175,Films Seville
dist176,Good Deed Entertainment
dist177,New Yorker
dist178,Equinox
dist179,Fox Star India
dist180,Lorimar Motion Pictures
dist181,Monterey Media
dist182,Tartan Films
dist183,B4U Movies
dist184,IFC Midnight
dist185,TriBeca Films
dist186,New Century Vista Film Company
dist187,Atlas Distribution
dist188,Jensen Farley Pictures
dist189,BH Tilt
dist190,Artists Releasing Corporation
dist191,Focus / Gramercy
dist192,Cinecom
dist193,Magnet Releasing
dist194,Dada Films
dist195,OTL Releasing
dist196,Group 1
dist197,InterStar Releasing
dist198,Ledafilms
dist199,Radius
dist200,Analysis
dist201,First Run Features
dist202,RS Entertainment
dist203,Abramorama Films
dist204,Dimension Pictures
dist205,Empire Pictures
dist206,Orion Classics
dist207,Cheng Cheng Films
dist208,Briarcliff Entertainment
dist209,Cinema Service
dist210,Miramax/Roadside Attractions
dist211,Walter Reade Organization
dist212,Bluesky Cinemas
dist213,NeoClassics Films
dist214,SK Films
dist215,Paladin
dist216,levelFILM
dist217,Shemaroo Entertainment
dist218,Rialto Pictures
dist219,Momentum Pictures
dist220,Shudder
dist221,National General Pictures
dist222,MUBI
dist223,ShortsHD
dist224,RLJ Entertainment
dist225,Pink Dolphin
dist226,Cinema Guild
dist227,WellSpring
dist228,Island
dist229,LD Entertainment
dist230,Island/Alive
dist231,IFI Scope
dist232,Hemdale
dist233,ARC Entertainment
dist234,Joe Camp Productions
dist235,Indican Pictures
dist236,Live Entertainment
dist237,Levitt-Pickman
dist238,Shining Excalibur
dist239,Cleopatra Films
dist240,Vivendi Entertainment
dist241,WGBH Giant-Screen Films
dist242,Producers Distribution Agency
dist243,Quality Flix
dist244,Icarus Films
dist245,Star Synergy Entertainment
dist246,Rainbow Releasing
dist247,Adopt Films
dist248,Odeon Films
dist249,NCM Fathom
dist250,Excel Entertainment
dist251,Crown International
dist252,Under the Milky Way
dist253,Iconic Releasing
dist254,Red Chillies Entertainment
dist255,Cinedigm
dist256,Sundance Selects
dist257,PMK*BNC
dist258,Image Entertainment
dist259,Purdie Distribution
dist260,Film Arcade
dist261,Lorber Films
dist262,Elevation Pictures
dist263,Gaumont British Picture Cor…
dist264,Warren Miller Entertainment
dist265,Viva Kids
dist266,Discovery/IMAX
dist267,Providence Entertainment
dist268,LD Distribution
dist269,Northern Arts Entertainment
dist270,Galaxy International Releasing
dist271,Ketchup Entertainment
dist272,Skouras
dist273,Distributor Unknown
dist274,Stratosphere Entertainment
dist275,Menemsha Entertainment
dist276,Palm Pictures
dist277,M Power Releasing
dist278,Captured Light
dist279,Lionsgate/Roadside Attractions
dist280,Codeblack Entertainment
dist281,Slowhand Cinema
dist282,Avenue Pictures Productions…
dist283,truTV
dist284,Five & Two Pictures
dist285,Televisa Cine
dist286,Phase 4 Films
dist287,Third Rail
dist288,Big Air Studios
dist289,Uncork'd Entertainment
dist290,The Avenue Entertainment
dist291,Roxie Releasing
dist292,Gunpowder & Sky
dist293,Shadow
dist294,Smith Global Media
dist295,XLrator Media
dist296,Super LTD
dist297,Millimeter Films
dist298,Vision Films
dist299,Independent Artists
dist300,Cinema Libre
dist301,Unison/Paladin
dist302,Film Ventures International
dist303,Megabox Plus M
dist304,Shooting Gallery
dist305,United Entertainment Partners
dist306,8X Entertainment
dist307,Primesco
dist308,Bud Yorkin Co.
dist309,Electric Entertainment
dist310,Wide Lens Pictures
dist311,Pantelion Films
dist312,Arenas Entertainment
dist313,Seven Arts Pictures
dist314,Phaedra Cinema
dist315,Libra Films
dist316,National Theatre Live
dist317,The Bigger Picture
dist318,Rocket Releasing
dist319,BB Entertainment
dist320,Chicago Releasing
dist321,Shorts International
dist322,Cloudburst Entertainment
dist323,Live Film & Mediaworks
dist324,Arcangelo Entertainment
dist325,Quiver
dist326,Cowboy Pictures
dist327,Stage 6 Films
dist328,Koch Lorber Films
dist329,PackYourBag Films
dist330,International Film Circuit
dist331,Film Foundry
dist332,Omin/Freestyle
dist333,Lot 47 Films
dist334,Rosebud Releasing
dist335,RLJ Entertainment/Image Ent…
dist336,Good Machine Releasing
dist337,Tachyon
dist338,Gathr Films
dist339,Pentagon Releasing Inc.
dist340,Cinegalaxy
dist341,Tribe Releasing
dist342,Soli Deo Gloria Releasing
dist343,Chiller Films
dist344,Breaking Glass Pictures
dist345,Corsair
dist346,Epic Pictures Group
dist347,Focus World
dist348,Studio Three Film Corporation
dist349,HBO Documentary Films
dist350,GVN Releasing
dist351,ArtMattan Films
dist352,Zipporah
dist353,Cineplex/Odeon
dist354,Christal Films
dist355,Visio Entertainment
dist356,Jour de Fete
dist357,Cloud Ten Pictures
dist358,KimStim
dist359,ArtAffects
dist360,PBS Distribution
dist361,Outsider
dist362,Utopia
dist363,Big World Pictures
dist364,Prime Media Pictures
dist365,Fun Academy Motion Pictures
dist366,Benji Returns
dist367,Trans World Entertainment
dist368,Dekanalog
dist369,The 7th Floor
dist370,Romar
dist371,Manhattan Pictures Internat…
dist372,Legacy Releasing
dist373,TLA Releasing
dist374,Penland
dist375,ATO Pictures
dist376,Hannover House
dist377,Sanrio Communications
dist378,Outrider Pictures
dist379,Novus Content
dist380,Stony Island Entertainment
dist381,IDP/Samuel Goldwyn Films
dist382,Dark Star Pictures
dist383,Independent Indian
dist384,Academy Entertainment
dist385,Borotoro
dist386,Aloha Releasing
dist387,Artistic License
dist388,Halestorm Entertainment
dist389,City Lights Pictures
dist390,Wingate Distribution
dist391,Brainstorm Media
dist392,Vivafilm
dist393,Rat Entertainment
dist394,WinStar Cinema
dist395,Mitropoulos Films
dist396,Concorde
dist397,Raja Cinema
dist398,Aron Govil Productions
dist399,Railroad Square
dist400,Cinelou Releasing
dist401,Truly Indie
dist402,Taurus
dist403,HEFG Releasing
dist404,Paragon Pictures
dist405,Hammond Entertainment
dist406,Grasshopper Film
dist407,Amazon Studios/Roadside Att…
dist408,Cardinal Film Releasing
dist409,FM Entertainment International
dist410,KKM Enterprises
dist411,Pinnacle Peak
dist412,Luke Films
dist413,Moviegoers Entertainment
dist414,Peace Arch Releasing
dist415,Innovation Film Group
dist416,Matson
dist417,Avatar
dist418,European International
dist419,"Cinema Tropical, FIGA Films"
dist420,Arrow Releasing
dist421,Video Sound
dist422,Faith Media Distribution
dist423,Myriad Entertainment Group
dist424,Exclusive Releasing
dist425,Area 23a
dist426,Juno Films
dist427,Acorn TV
dist428,Shapiro
dist429,Power Point Films
dist430,Ammo Content
dist431,Cinestaan
dist432,BET Pictures
dist433,Purple Rose Films
dist434,Lionsgate/After Dark
dist435,Apple Original Films
dist436,Sycamore Entertainment Grou…
dist437,Lightyear Entertainment
dist438,ABS-CBN
dist439,Hidden Empire Releasing
dist440,Wolfe Releasing
dist441,RAM Releasing
dist442,Counterpoint Films & Self-R…
dist443,Seventh Art Releasing
dist444,Doppelganger Releasing
dist445,Applied Art Productions
dist446,Emerging Pictures
dist447,Decal
dist448,Vineyard Distribution
dist449,Kit Parker Films
dist450,Barking Cow Distribution
dist451,Echolight Studios
dist452,Smodshow Productions
dist453,Cinepix Film Properties
dist454,Pallisades Tartan
dist455,Society Films
dist456,Amplify
dist457,Quaker Media
dist458,Together Films
dist459,Rising Star Entertainment
dist460,Branded Entertainment
dist461,Riverrain
dist462,Palisades
dist463,Really Big Film Corp.
dist464,XYZ Films
dist465,Bleecker Street & Amazon St…
dist466,Castle Hill Productions
dist467,"Libero, LLC"
dist468,First Independent Pictures
dist469,Monument Releasing
dist470,Regatta
dist471,Halestone
dist472,Holedigger Studios
dist473,Friday Entertainment
dist474,Ficus
dist475,Submarine Deluxe
dist476,"One Media, LLC"
dist477,TVA Films
dist478,Gener8xion Entertainment
dist479,UP2U Films
dist480,Nocturnal Features
dist481,Selznick Releasing Organiza…
dist482,D’Souza Media
dist483,Moviestore Entertainment
dist484,Landau Releasing Organization
dist485,Archstone Entertainment
dist486,Rooster Teeth
dist487,Hola Mexico
dist488,IRS Releasing
dist489,Hyde Park Films
dist490,Argot Pictures
dist491,Fabrication Films
dist492,Ram Entertainment
dist493,Solo Media
dist494,Future Educational Films
dist495,Keystone Entertainment
dist496,CanZion Films
dist497,Seville
dist498,Pure Flix / Samuel Goldwyn …
dist499,518 Media
dist500,Cho Taussig Prods.
dist501,RCR Media Group
dist502,Rainforest Productions
dist503,Balcony Releasing
dist504,Aura Entertainment
dist505,Streamlined Pictures
dist506,Limelight International
dist507,Maya Releasing
dist508,Superlative Films
dist509,"Callbox, LLC"
dist510,Panorama Entertainment
dist511,Docurama
dist512,DreamWorks/Go Fish
dist513,Grand Showbiz Media
dist514,Access Motion Picture Group
dist515,Ten Furlongs
dist516,Cinema Slate
dist517,Black Diamond Pictures
dist518,Kenn Viselman Presents
dist519,Tips Exports
dist520,Main Street
dist521,New Films Cinema
dist522,Media Partners
dist523,Alive Mind
dist524,Alliance Vivafilm
dist525,Aspiration Media
dist526,Third Day Productions
dist527,The Ciesla Foundation
dist528,Lantern Lane Entertainment
dist529,Gaatri Media
dist530,1091 Media
dist531,Elephant Eye Films
dist532,Hamsini
dist533,ContentFilm
dist534,White Hill Production
dist535,Hombre de Oro
dist536,After Dark
dist537,Candlelight Media
dist538,CFI
dist539,Starz Media
dist540,Set Pictures
dist541,CODEBLACK Films/Lionsgate
dist542,Altered Innocence
dist543,Arts Alliance America
dist544,Arthouse Films
dist545,Page 124 Productions
dist546,Cartilage Films
dist547,Veracity Moving Pictures
dist548,Leisure Time Features
dist549,Senart/Scranton-Lacy
dist550,CAVU Releasing
dist551,Greycat Films
dist552,ESX Entertainment
dist553,P12 Films
dist554,Crane Movie Company
dist555,Triton Pictures
dist556,Starz Digital Media
dist557,Cinetel
dist558,Unico Entertainment
dist559,Palm/Manga
dist560,P&A Releasing
dist561,Bond/360
dist562,BBC Worldwide North America
dist563,Cyan
dist564,Glass Half Full Media
dist565,Imaginasian
dist566,Cinema Purgatorio
dist567,FilmDallas Pictures
dist568,ITN
dist569,Collective Eye
dist570,Films Around the World
dist571,Long Shot Factory
dist572,Caledonia Pictures
dist573,Eammon Films 
dist574,erbp Film
dist575,Tugg
dist576,Picture This Entertainment
dist577,Gold Circle Films
dist578,Namah Pictures
dist579,Romantic Troubadour Enterta…
dist580,Filmopolis Pictures
dist581,Global View Entertainment
dist582,AMBI
dist583,The Bubble Factory
dist584,Logo Features
dist585,American Zoetrope
dist586,Abkco Films
dist587,Five Sisters Productions
dist588,The Film Desk
dist589,Buffalo 8
dist590,Vertigo Releasing
dist591,First Independent/Dada Films
dist592,Vega Baby
dist593,BritBox
dist594,Fin and Fur Films
dist595,Star Studios
dist596,Autonomous Films
dist597,American Experience/PBS Films
dist598,Concert Films
dist599,Parade Deck Films
dist600,Hammer the Movie
dist601,Mela Films
dist602,Cinedigm/Film Arcade
dist603,Paladin/108 Media
dist604,Net Effect
dist605,Corinth Films 
dist606,Direct Cinema Ltd
dist607,Full Circle Releasing
dist608,Westchester Films
dist609,Phars Films
dist610,Collide Distribution
dist611,Loki Films
dist612,Entertainment Squad
dist613,K Street Pictures
dist614,Rezinate Entertainment
dist615,Peace Film LLC
dist616,Typecast Releasing
dist617,Walking Shadows
dist618,Almi
dist619,Signature Films
dist620,Bauer Martinez
dist621,The Animation Show/IPMA
dist622,1844 Entertainment
dist623,Painted Zebra Releasing
dist624,Dark Sky Films
dist625,"AwesomenessTV, Conjunction …"
dist626,GasLand Productions
dist627,Variance/40 Acres & a Mule …
dist628,Magic Lamp
dist629,ABCKO Films
dist630,CineLife Entertainment
dist631,"Fame, Inc."
dist632,RiverRain / Ripple Effect
dist633,Senator Entertainment
dist634,Persona Films
dist635,Anywhere Road Entertainment
dist636,Maddock Films
dist637,Proud Mother Pictures
dist638,Red Flag Releasing
dist639,Trident AV Technologies
dist640,Slugger Films
dist641,JSC Entertainment
dist642,Somerset Films
dist643,Jerry Gross Organization
dist644,Manifold Productions
dist645,Rhythm Boyz Entertainment
dist646,Integrity Releasing
dist647,Film Sales Company
dist648,Silver Nitrate
dist649,Radha Krishna Entertainments
dist650,Kino/Emerging
dist651,The Film Collaborative 
dist652,Films Seville
dist653,Asymmetrical
dist654,The Vladar Company
dist655,Anchor Bay/Freestyle
dist656,A Slice of Pie Productions
dist657,Salient Media
dist658,Shakey Pictures
dist659,Lovett
dist660,7-57 Releasing
dist661,PlayNow Enterprise
dist662,AIM Distribution
dist663,Fader Films
dist664,AFFRM
dist665,Cranked Up Films
dist666,DisruptiveLA
dist667,Slater Brothers Entertainment
dist668,Pacific Northwest Pictures
dist669,Untold Creative
dist670,Warrior Poets
dist671,Yellow Veil Pictures
dist672,RBC Radio
dist673,Arrival Pictures
dist674,Paulist Pictures
dist675,Welcome Villain Films
dist676,YouTube
dist677,Archway Pictures
dist678,Fair Trade Pictures
dist679,Moriah Films
dist680,Santa Rita Film Co
dist681,O’Malley Creadon Productions
dist682,Elysian Films
dist683,Continental Distributing
dist684,Goodbye Cruel Releasing
dist685,Spelling Films
dist686,FilmBuff
dist687,DEJ Productions
dist688,Tulip Pictures
dist689,Level 33
dist690,Noujaim Films
dist691,Lange
dist692,Praneeth Media
dist693,Blue Water Entertainment
dist694,Variance Films/Everest Films
dist695,Reel Diva Consultants
dist696,Synergetic
dist697,LevelFILM
dist698,Priority Films
dist699,Game Theory Films
dist700,California Newsreel
dist701,Olive Films
dist702,Omjee Star Studios
dist703,Ariztical Entertainment
dist704,ISA Releasing
dist705,Small Planet
dist706,Motion Film Group
dist707,LAMA Distribution
dist708,Synkronized
dist709,Cosmic Pictures/Arcane Pict…
dist710,Kindred Media Group
dist711,Rada Film Group
dist712,Interfilm
dist713,Balaji Telefilms
dist714,SenArt Films
dist715,Geneon Entertainment
dist716,First Run/Icarus
dist717,Synergy Films
dist718,Meadowbrook
dist719,NME
dist720,Cinema V
dist721,Participant Media
dist722,Cinema Tropical
dist723,Lightsource
dist724,Pak Films
dist725,Wildcat Releasing
dist726,Paul Entertainment
dist727,Mac Releasing
dist728,Embrem Entertainment
dist729,SnagFilms
dist730,SPEAKproductions
dist731,Syfy Films
dist732,Noruz Films
dist733,Gigantic Pictures
dist734,Newroz Films
dist735,Illuminare
dist736,4th Row Films
dist737,Shoreline Entertainment
dist738,Insurgent Media
dist739,Bev Pictures
dist740,BerKela Films
dist741,Pathe Contemporary Films
dist742,Gray Hat Productions
dist743,GR Films
dist744,International Film Marketing
dist745,Non Fiction Films
dist746,Saboteur Media
dist747,Landmark Theaters
dist748,Arclight Films
dist749,Four of a Kind Productions
dist750,ARY Films
dist751,Life Sentence Films/m Tuckm…
dist752,Laemmle/Zeller Film
dist753,IndieVest Pictures
dist754,Motion Pictures Film and Te…
dist755,Ignite Channel
dist756,Great Point Media
dist757,Vaca Films
dist758,Green Griffin
dist759,Newstyle Releasing
dist760,International Film Exchange
dist761,Gabriel's Messenger Films
dist762,"Darin Southam Endeavor, Inc."
dist763,Holt Hamilton
dist764,Truth Aid/Amplify
dist765,Unstuck LLC
dist766,Full Moon Features
dist767,Mangusta Productions
dist768,3DLive
dist769,Spark Entertainment
dist770,Monica Beach Media
dist771,Le Petit Canyon Productions
dist772,S2BN
dist773,Citadel
dist774,AK Entertainments
dist775,Telepathic Studios
dist776,Lopert Pictures Corporation
dist777,Astrakan Releasing
dist778,Franklin Media
dist779,Norador Productions
dist780,Maxmedia/Endgame
dist781,Onyx Films
dist782,Liberty Street Films
dist783,Supergravity Pictures
dist784,Hannibal Media
dist785,Watch Releasing
dist786,Reel Source
dist787,Avalanche Releasing
dist788,IronFlix
dist789,Vanish Films
dist790,Shella Films
dist791,Thunderstruck Films
dist792,Round Hill Media
dist793,Trinity Film
dist794,ADV Films
dist795,Stone Five Studios
dist796,Illumine Films
dist797,MyCinema
dist798,Attitude Films
dist799,Kria
dist800,Sky Island
dist801,Pathfinder
dist802,Lurker Films
dist803,Alliance Vivafilm
dist804,Pasidg Productions
dist805,Vanishing Angle Films
dist806,InterPositive Media
dist807,Safier Entertainment
dist808,Sidetrack Films
dist809,Barn Owl
dist810,Eden Rock/Abramorama
dist811,Fisher-Klingenstein Films
dist812,Gorilla Factory
dist813,Tyscot Manhaddon
dist814,Tilapia Film
dist815,Kristin Marie Productions
dist816,Redheart Movies
dist817,In The Light Productions LLC
dist818,Present Pictures/Morning Kn…
dist819,Better World Distribution
dist820,Troma Entertainment
dist821,Audience Alliance
dist822,Spacey
dist823,Economic Projections
dist824,SeeThink
dist825,Spit and Glue
dist826,Richmond Media Entertainment
dist827,Soilsiu Films
dist828,Faulkner-McLean Entertainment
dist829,Thread Cross Films
dist830,Wave Releasing
dist831,Lifesize Entertainment
dist832,Lambert Releasing
dist833,IFG
dist834,Rockstone Releasing
dist835,Waldo West Productions
dist836,Tricycle Logic
dist837,360 Distribution
dist838,in8 Releasing
dist839,Tallgrass Films
dist840,North/South Pictures
dist841,B.D. Fox Independent
dist842,APD/Cinema Conservancy
dist843,Five Points Media
dist844,Joma Films
dist845,Skylight Pictures
dist846,Shotown Pictures
dist847,Reliance/LoveStreaks
dist848,Jujitsu Films
dist849,Bramacharia LLC
dist850,Showtime Original
dist851,Women Make Movies
dist852,New Love Films
dist853,Revolver Entertainment
dist854,Phase 4 Films Sameul Goldwy…
dist855,Invincible Pictures
dist856,Wayward Entertainment
dist857,The World According to Shorts
dist858,108 Pics
dist859,Mass Movie Makers
dist860,Artiztical Entertainment
dist861,Romulus Entertainment
dist862,Strike Back Studios
dist863,Film Philos
dist864,Every Tribe Entertainment
dist865,International WOW
dist866,Eve Productions
dist867,Westport International
dist868,Cavalier Films
dist869,GA2 Pictures
dist870,Dark Forest Releasing
dist871,Metropole Films Distribution 
dist872,Stage 6 Samuel Goldwyn Films
dist873,Testimony Pictures
dist874,Morning Star Pictures
dist875,Unified Pictures
dist876,Mutiny Pictures
dist877,Adventure Entertainment
dist878,Double J Productions
dist879,Not That Kind of Movie Prod…
dist880,"Documented Film, LLC"
dist881,Joule Films
dist882,Screen Scene Media Entertai…
dist883,Steelyard Pictures
dist884,Resident Artist
dist885,Mypheduh Film
dist886,Cinipix
dist887,Lucid Inc
dist888,Prism Entertainment
dist889,Viz Pictures
dist890,Metrograph Pictures
dist891,Moving Visions Entertainmen…
dist892,IM Global/Blumhouse
dist893,Swapna Cinema
dist894,Artigo Ajemian Films
dist895,MTV Documentary Films
dist896,Fleetwood Films
dist897,Trela
dist898,"Safari Media, LLC"
dist899,Newmark/Echelon Ent.
dist900,Rumur
dist901,Driving With Our Eyes Shut
dist902,Echo Bridge
dist903,Xenon Pictures
dist904,Rooftop Films
dist905,Variance Films/Syndicado
dist906,25th Frame
dist907,New American Vision
dist908,Indie Rights
dist909,Burning Bridges
dist910,Hiltz Squared
dist911,Cinebella Entertainment
dist912,Orrange Studioz
dist913,Area23a/FilmBuff
dist914,Kino Classics
dist915,Riot Studios
dist916,Abundantia Entertainment
dist917,The Movie Partners
dist918,Idle Wild Films
dist919,Picture Park
dist920,Honora Productions
dist921,Quixotic Media
dist922,Cabin Films
dist923,Best & Final Releasing
dist924,Howling Wolf Productions
dist925,Unison Films
dist926,Dinsdale Releasing
dist927,MCR Releasing
dist928,Infantry Pictures
dist929,"Ghosts Media, Inc."
dist930,Film Forum
dist931,Plymptoons
dist932,America Saga Releasing
dist933,Row House Cinema
dist934,PFM
dist935,Shine Screens
dist936,Schwarzsmith & Taskovski
dist937,The Film Collective
dist938,Britdoc Films
dist939,Sky Harbor Basement
dist940,Comworld
dist941,House Lights Media
dist942,People Pictures
dist943,Mondo Paradiso Films
dist944,Pocket Releasing
dist945,El Tigre Productions
dist946,American World Pictures
dist947,WRA Productions LLC
dist948,Artists Public Domain/Cinem…
dist949,Factory 25
dist950,Phantom Films
dist951,Wolfe Twenty
dist952,Check Entertainment Distrib…
dist953,SpectraFilm
dist954,Mongrel Media
dist955,Arab Film Distribution
dist956,Slamdance on the Road
dist957,Producers Releasing Corpora…
dist958,Off-Hollywood Distribution
dist959,Captured Films
dist960,Monogram Pictures
dist961,Palo Alto Pictures
dist962,Vagrant Films
dist963,600 West
dist964,Tripod Media
dist965,Star Cinema
dist966,"Time and Tide Productions, …"
dist967,Humble Motion Pictures
dist968,HP Releasing
dist969,Cafe Pictures
dist970,Atopia
dist971,Cockeyed Caravan
dist972,Secret Identity Productions
dist973,Margin Films
dist974,Sakthi Film Factory
dist975,Four Eyed Monsters
dist976,Pillen's Farm Pictures
dist977,Anderson Digital
dist978,Cinemation Industries
dist979,7A Productions
dist980,Whole Hog Films
dist981,FlyRock Media
dist982,FilmDemic
dist983,Lumpy Rock
dist984,Mile End Films
dist985,Fork Films
dist986,"Touch the Wall, LLC"
dist987,Breakthrough Entertainment
dist988,Stand Up Films
dist989,41 Inc.
dist990,High Cotton Films
dist991,Sumbadhat Productions
dist992,Argentum Entertainment
dist993,Aliquot Films
dist994,The Little Film Company/Dad…
dist995,MSK Productions
dist996,Waterdog Films
dist997,Sony/BMG
dist998,Cinema Epoch
dist999,Mandt Brothers
dist1000,Cinema Four
dist1001,Icon Film Distribution
dist1002,The Kids Are Alright Produc…
dist1003,Psychic Girls
dist1004,"Shoot First, Inc."
dist1005,Newport Films
dist1006,All Rise Films
dist1007,PHC Films
dist1008,Lexis Partners
dist1009,Silver Plane Films
dist1010,Mochary Films
dist1011,Coconut Movies
dist1012,Autlook Films
dist1013,Amor Media
dist1014,7th Empire Media
dist1015,Broken Twig Productions
dist1016,Tara Releasing
dist1017,Mirror Images Ltd
dist1018,City Drive Films
dist1019,Kicking and Screening Media
dist1020,Arthur Davis Associates
dist1021,Bonfire Films of America
dist1022,Facets
dist1023,Mind the Gap
dist1024,Waltair Productions
dist1025,Hombale Films
dist1026,Random Media
dist1027,Diversa Films
dist1028,Vanguardia Films
dist1029,Gemelli Productions
dist1030,People Media Factory
dist1031,Atlas Media Group
dist1032,FilmMates Partners
dist1033,PlanePlanet Pictures
dist1034,Red Dirt Pictures
dist1035,Lafayette Films
dist1036,Laufer Films
dist1037,D Street Releasing
dist1038,Sony/Triumph
dist1039,Fox Meadow
dist1040,The Talking Pictures Company
dist1041,Iron Man Distr
dist1042,Ford Films
dist1043,KanadéFilms
dist1044,Microangelo Entertainment
dist1045,Minds Eye International
dist1046,26 Aries
dist1047,The Disinformation Co.
dist1048,Highland Film Group
dist1049,Real Bean Entertainment
dist1050,Andes Film Company
dist1051,JSenko Productions
dist1052,Reel Peak Films
dist1053,Yashoda Films
dist1054,The Documentary Group
dist1055,Kanbar Entertainment
dist1056,Carpe Stella
dist1057,Wintersea Films
dist1058,Liberation Entertainment
dist1059,Brink Film
dist1060,RFT Films Ltd
dist1061,Afterlight Pictures
dist1062,Bomnae Films
dist1063,Radio London Films
dist1064,SP Releasing
dist1065,Atlantik Films
dist1066,Linn Productions
dist1067,Summit Pictures
dist1068,World Wide Motion Pictures
dist1069,VMI Worldwide
dist1070,Winter Star Entertainment
dist1071,Candy Factory Films
dist1072,Putnam Square Films
dist1073,Goodface Films
dist1074,HB Filmworks
dist1075,Sandalwood Geleyara Balaga
dist1076,Baxter Brothers
dist1077,King’s Road Entertainment
dist1078,B3M Creations
dist1079,Hanover Multimedia
dist1080,CameraPlanet/Discovery
dist1081,Reel One Entertainment / Su…
dist1082,Frontier
dist1083,Big Fat Movies
dist1084,Crescendo House Films
dist1085,"rCryptoCurrency, LLC"
dist1086,Republic Pictures
dist1087,GM Film Corporation
dist1088,"Eliot Lives Productions, LLC"
dist1089,Milestone
dist1090,Humble Pie Films
dist1091,Trinity Creative
dist1092,Hybrid Pictures
dist1093,The Nobility Project
dist1094,Ohio Street Pictures
dist1095,Lonely Seal Releasing
dist1096,A-Mark Entertainment
dist1097,Dark Frames
dist1098,Swadharm Entertainment
dist1099,Comedy Dynamics
dist1100,Minority Films
dist1101,Scarlet Sky Productions
dist1102,Plastic Age Productions
dist1103,Seneca International
dist1104,Rana Productions
dist1105,Hibernation Films
dist1106,Brothers' Ink Productions
dist1107,Industrial House Films
dist1108,Achayan’z Film House
dist1109,Cinevista
dist1110,Midwest Movies
dist1111,Velvet Film
dist1112,Circle Collective
dist1113,Lyca Productions
dist1114,Rogue Arts
dist1115,Magic Frames
dist1116,RMH Media/Dominion Entertai…
dist1117,Carnivalesque Films
dist1118,Kaleidoscope Pictures
dist1119,Inyo Entertainment
dist1120,Amplify/Starz Digital Media
dist1121,"Southern Sykos Productions,…"
dist1122,Magic Lantern
dist1123,Westar Distributions
dist1124,Bullz Eye
dist1125,Artsploitation
dist1126,Plexifilm
dist1127,Reacter 88 Studios
dist1128,Anchor Bay/WWE Studios
dist1129,Movin' Picture Studios
dist1130,Cinema Con Sabor
dist1131,Garvity Arch
dist1132,JeTi Films
dist1133,Lumiere Productions
dist1134,Zell-Koj Studio
dist1135,Left of Center Entertainmen…
dist1136,Elevation Pictures
dist1137,Cineville
dist1138,KRG Studios
dist1139,Blackbox Film & Media
dist1140,Wild Eye Releasing
dist1141,Dove Entertainment
dist1142,Mythri Movie Makers
dist1143,Maverick Entertainment
dist1144,End of All Cinema
dist1145,Capitol Films
dist1146,Antidote Fims
dist1147,M Star International
dist1148,Kathi Arts
dist1149,Apna Ghar
dist1150,Gunnison Galaxy
dist1151,Curb/Esquire Films
dist1152,Cinevolve Studios
dist1153,Oilrag Productions
dist1154,The Daily Wire
dist1155,E1 Films
dist1156,Screenvision Media
dist1157,Lavender House Films
dist1158,Cinelicious Pics
dist1159,Dow Jazz Films
dist1160,Red Giant Movies
dist1161,The Ashton Times
dist1162,Grindstone Entertainment
dist1163,Flyhigh Cinemas
dist1164,The American Film Company
dist1165,Showcase Films
dist1166,Karthik Movie House
dist1167,Times Film Corporation
dist1168,Flying Zebra Films
dist1169,Bangor Films
dist1170,TLC Films
dist1171,Matter Productions
dist1172,Profile Entertainment
dist1173,Old Post Films
dist1174,Miracle Mile Films
dist1175,CTE
dist1176,Sony/Screen Gems
dist1177,Imperia Entertainment
dist1178,Garlin Pictures
dist1179,Karma Films
dist1180,Epoch/Pathfinder
dist1181,Kidtoon Films
dist1182,New Visions Fellowship
dist1183,Whitewater Films
dist1184,"Fat Films, LLC"
dist1185,Just Vision
dist1186,Hannari Geisha Modern
dist1187,At Risk Films
dist1188,Iranian Film Society
dist1189,Right Brained Releasing
dist1190,Kosmic Films
dist1191,Moderncine
dist1192,AV Productions
dist1193,Jung'n'Restless Films
dist1194,Red Envelope
dist1195,Amadeus Pictures
dist1196,Mello Releasing
dist1197,National Lampoon Distr.
dist1198,Media Education Foundation
dist1199,Lifeline Entertainment
dist1200,Resonance Pictures
dist1201,Terra Entertainment
dist1202,Creative Differences
dist1203,Dokument Films
dist1204,Sven Kahn Films
dist1205,Pureland Pictures
dist1206,Lightning Media
dist1207,Bharat
dist1208,Axis Company
dist1209,Jonathan Blitstein Enterprises
dist1210,Bleiberg Entertainment
dist1211,Paul Devlin Productions
dist1212,LG Entertainment Group
dist1213,Here Films
dist1214,RP Entertainment
dist1215,Next Page Productions
dist1216,Mainline Releasing
dist1217,Concentrated Distribution
dist1218,Original 4 Releasing
dist1219,Iaba Films
dist1220,Team Effort
dist1221,"Last Night, LLC"
dist1222,San Simion Films
dist1223,The Desert of Forbidden Art…
dist1224,Reboot Media
dist1225,Codex Pictures
dist1226,RealD
dist1227,Oakhurst Pictures
dist1228,Bigfoot Ascendant
dist1229,Paralux Productions
dist1230,Crowd Starter
dist1231,Satori
dist1232,Clear Compass Media
dist1233,Process Sudio Theatre
dist1234,Exhibit A Pictures
dist1235,Jeff Lipsky
dist1236,LLeju Productions
dist1237,Cross Cultural Entertainment
dist1238,Paradigm
dist1239,The Collective
dist1240,Microcinema International
dist1241,IndiePix
dist1242,Nancy Fishman Releasing
dist1243,Golf in the Kingdom
dist1244,Films Transit
dist1245,Green Planet Productions
dist1246,Centro de Capacitación Cin…
dist1247,Initiate Productions
dist1248,WWE Studios
dist1249,W2 Media
dist1250,Verdi Productions
dist1251,D & E Entertainment
dist1252,Lightning Entertainnment
dist1253,Vanguard Cinema
dist1254,Roam Films
dist1255,Giant Flick Films LLC
dist1256,Ask Around Entertainment
dist1257,Eagle One Media/iFN
dist1258,Artland
dist1259,Angry Monkey Entertainment
dist1260,African-American Film Festi…
dist1261,PhD
dist1262,Film Fatale
dist1263,MVP Films
dist1264,A & E Indie Films
dist1265,BlinkWorks Media
dist1266,Kushi Films
dist1267,All Cash Productions/Archst…
dist1268,First Pond Entertainment
dist1269,Fever Productions
dist1270,WG Films
dist1271,Village Arts Pictures
dist1272,Winning Edge Pictures
dist1273,CLJ Films
dist1274,Digital Magic Entertainment
dist1275,TODpix
dist1276,Gut Productions
dist1277,Inception Media Group
dist1278,Four Reel Films
dist1279,Appleseed Entertainment
dist1280,SModcast
dist1281,Barnholtz Entertainment
dist1282,Bad Kids Productions
dist1283,Outcast Films
dist1284,Blenheim Films
dist1285,Independent Pictures/Entert…
dist1286,Lipstick Pictures
dist1287,VICE Films Snoopadelic Films
dist1288,Ruth Diskin Films
dist1289,Mactavish Pictures
dist1290,Hole in the Wall Productions
dist1291,Cinemark
dist1292,Epix
dist1293,Regal Entertainment
dist1294,R-Squared Films
dist1295,Horse Pictures
dist1296,Alma Films
dist1297,Drag City Film Distribution
dist1298,Follow Your Nose
dist1299,Leeden Media
dist1300,Modern Distributors
dist1301,Kreate Films
dist1302,Active Fox Productions
dist1303,Fingerprint Films
dist1304,"GoDigital, Inc."
dist1305,New Chapter Productions
dist1306,Gaiam Vivendi Entertainment
dist1307,Deep Studios
dist1308,Wunderkind Pictures
dist1309,Diggit Pictures
dist1310,Shapkorn Birgade
dist1311,Fern Films
dist1312,Candor Entertainment
dist1313,One Village Entertainment/R…
dist1314,Devolver Digital Films
dist1315,Artis Entertainment
dist1316,Cinereach
dist1317,Sideshow Releasing
dist1318,Liberty Studios
dist1319,Act Zero Films
dist1320,American Experience Films
dist1321,Quadratic
dist1322,Green Step Productions/Grav…
dist1323,Radar Studios
dist1324,Insomniac/Focus Features
dist1325,Videocine
dist1326,Cornith Films
dist1327,FilmBuff / Dada Films
dist1328,A71 Entertainment
dist1329,"Purdie Distribution, Excel …"
dist1330,Medient
dist1331,Cedar Fort Entertainment
dist1332,DigiNext
dist1333,Tribeca Film / Well Go USA
dist1334,Fluency Studios
dist1335,Sovereignty Productions
dist1336,Parkside Releasing
dist1337,Morocco Junction Pictures
dist1338,Abromarama/Vimeo
dist1339,108 Media
dist1340,Soda Pictures
dist1341,Strasson Group
dist1342,Plainview Pictures
dist1343,Stage 6 Films/Vertical Ente…
dist1344,Young Medium
dist1345,Alaska Film LLC
dist1346,Vice Media
dist1347,Midnight Releasing
dist1348,Blue Trail Entertainment
dist1349,Awesomeness Films
dist1350,Array Releasing
dist1351,Syndicado
dist1352,Sweet Unknown Studios
dist1353,Green Apple Entertainment
dist1354,Passion River
dist1355,Serafini Pictures
dist1356,ZCDC
dist1357,Marvista Entertainment
dist1358,TriCoast Worldwide
dist1359,Indelible Films
dist1360,Stoutlight Incorporated
dist1361,MVD Entertainment
dist1362,Guerilla Films
dist1363,Forager Films
dist1364,4 Features Film Company
dist1365,Dalton Pictures 
dist1366,Violet Crown Films
dist1367,Swing State Film Productions
dist1368,Vetter Brothers Filmworks
dist1369,Cinemaflix
dist1370,Cinema Paradiso
dist1371,TomCat Films
dist1372,Ubiquimedia
dist1373,Bow and Arrow Entertainment
dist1374,White Pine Pictures
dist1375,Pacific Northwest Pictures
dist1376,Anthology Film Archives
dist1377,Provocator
dist1378,Redwood Creek Entertainment
dist1379,Real Women Make Waves
dist1380,Skinfly Entertainment
dist1381,50 Eggs Inc
dist1382,Votiv Films
dist1383,Go2Films
dist1384,Maven Entertainment
dist1385,Grey Lady
dist1386,Sarkasmos Productions 
dist1387,Arcadia Releasing Group
dist1388,Adler & Associates
dist1389,Virgil Films
dist1390,Ryan Bruce Levey Film Distr…
dist1391,Thier Productions
dist1392,Instrum International
dist1393,Imagination Worldwide
dist1394,Hybrid Entertainment
dist1395,Indieflix
dist1396,Shoe Box Money LLC
dist1397,East Village Entertainment
dist1398,Global Digital Releasing
dist1399,HT Pictures
dist1400,Carl Jackson Entertainment
dist1401,Tandem Pictures
dist1402,First National Pictures
dist1403,Millennium Films
dist1404,Newcity
dist1405,Obscured Pictures
dist1406,Future Film Corporation of …
dist1407,Well.Org
dist1408,Cargo Film & Releasing
dist1409,Cinerama
dist1410,King Flex Entertainment
dist1411,Fries Distribution Company
dist1412,V-L-S-E
dist1413,Hydro Studios
dist1414,Hollywood Independents
dist1415,Zorya Films
dist1416,Journeyman Pictures
dist1417,Entertainment International…
dist1418,Bandai Entertainment
dist1419,Filmchella
dist1420,NAI Entertainment
dist1421,2B Films
dist1422,Arena Cinelounge
dist1423,U.S. Films
dist1424,World Northal
dist1425,United International Pictures
dist1426,Europix International
dist1427,House of Film
dist1428,Cinema Village
dist1429,Cambist Films
dist1430,Black Sheep Stew
dist1431,Film Chest Media Group
dist1432,Dread Central
dist1433,Two Roads
dist1434,Different Drummer
dist1435,SunWorld Pictures
dist1436,Patriot Releasing
dist1437,Cinema National
dist1438,N.M.D. Film Distribution Co…
dist1439,New American Films
dist1440,Skyline Entertainment
dist1441,Scotia American
dist1442,Conglomerate Media
dist1443,Darkcoast
dist1444,R3M USA
dist1445,Kandoo Releasing
dist1446,The Filmgroup
dist1447,Glass House Distribution
dist1448,North of Two
dist1449,Forrest Films
dist1450,Hulu
dist1451,Kew Media Group
dist1452,XLI41
dist1453,21st Century Distribution
dist1454,Arbelos Films
dist1455,Malibu Bay Films
dist1456,Independent-International P…
dist1457,RYOT
dist1458,Eagle Films
dist1459,The American Film Theater
dist1460,Brazos Films
dist1461,Brat
dist1462,U-M Film Distributors Inc.
dist1463,Sector 5 Films
dist1464,"American Continental Films,…"
dist1465,ABC Pictures International
dist1466,Mailer Tuchman Media
dist1467,British International Pictures
dist1468,Shochiku Films of America
dist1469,Associated Artists Productions
dist1470,Distributors Corporation of…
dist1471,The Wynn Network
dist1472,Apple TV+
dist1473,High Octane Pictures
dist1474,Artists Rights Distribution
dist1475,Rock Studios
dist1476,Fairway International Pictures
dist1477,Cine Artists Pictures
dist1478,Chevron Pictures
dist1479,The End Productions
dist1480,Maysles Film
dist1481,New City Releasing
dist1482,FanForce
dist1483,Carolco
dist1484,Krypton Films
dist1485,Ufa Film Company
dist1486,International Cine Film Cor…
dist1487,Howard Mahler Films
dist1488,Pacemaker Pictures
dist1489,Joseph Brenner Associates
dist1490,MGA
dist1491,Filmchoice
dist1492,Universum Film
dist1493,Lucky Hat Entertainment
dist1494,Valiant Films
dist1495,Mayfair
dist1496,United Producers Releasing …
dist1497,MK2 Diffusion
dist1498,Gemini-Maron
dist1499,Pennebaker Films
dist1500,French Motion Picture Company
dist1501,Giant Pictures
dist1502,Cinevision Films
dist1503,Hope Runs High
dist1504,S.J. International Pictures
dist1505,Crooked Teeth Productions
dist1506,Hep Pictures
dist1507,Pathé Exchange
dist1508,Arthur Ziehm
dist1509,Turtle Releasing
dist1510,Motion Picture Marketing
dist1511,Crystal Creek Media
dist1512,William Mishkin Motion Pict…
dist1513,Best Film & Video Corp.
dist1514,Film Art Media
dist1515,Reeltime Distributing Corpo…
dist1516,Level Forward
dist1517,Raven Banner Entertainment
dist1518,Bryanston Distributing
dist1519,Axispacific Filmworks
dist1520,Picturmedia
dist1521,Astral Films
dist1522,Capital Motion Picture Group
dist1523,Black Jellybeans Productions
dist1524,Astor Pictures Corporation
dist1525,Classic Pictures
dist1526,Ardor Pictures
dist1527,International Spectrafilm
dist1528,Parallel Media
dist1529,"LOGTV, LTD"
dist1530,Running Wild Films
dist1531,Orange Médias
dist1532,Fury Films Ltd
dist1533,BayView Entertainment
dist1534,fourthactrfilm
dist1535,Boxoffice International Pic…
dist1536,iTunes
dist1537,Indiecan Entertainment
dist1538,Roland C. Price Productions
dist1539,JAD Films International
dist1540,Nova Vento Entertainment
dist1541,Digital Media Rights
dist1542,9393 Pictures
dist1543,Fanfare Films
dist1544,123 Go Films
dist1545,8Above
dist1546,Backstreet Films
dist1547,Scotti Brothers Pictures
dist1548,Eagle-Lion Classics
dist1549,Cal-Com
dist1550,Moviegraphs
dist1551,Job’s Daughter
dist1552,Redbox Entertainment
dist1553,Deutchman Company
dist1554,Cinema 5 Distributing
dist1555,Alive Films
dist1556,Fact Not Fiction Films
dist1557,Indieflip
dist1558,Sono Art-World Wide Pictures
dist1559,Pegasus Flying Films
dist1560,Seaberg Film Distribution
dist1561,Joseph Green Pictures
dist1562,Gibraltar Motion Pictures D…
dist1563,Lone Star Pictures Internat…
dist1564,Rock Salt Releasing
dist1565,Dozo Films
dist1566,DeskPop Entertainment
dist1567,Realworks LTD
dist1568,XWS
dist1569,Redbud Studios
dist1570,Norman Film Manufacturing C…
dist1571,eOne Films
dist1572,Rochelle Films
dist1573,Launch Releasing
dist1574,Falling Forward Films
dist1575,Almond Tree Films
dist1576,Lennexe Films
dist1577,PoC Studios
dist1578,Rae Film
dist1579,Creator+
dist1580,Trinity Cine Asia
dist1581,Play Nice Productions
dist1582,Mill Creek Entertainment
dist1583,Spring Lane Studios
dist1584,FilmOne Entertainment
dist1585,Going Attractions
dist1586,Brian Distributing
dist1587,Six Shooter Studios LLC
dist1588,Rose Dove Entertainment
dist1589,FiDi Talkies
dist1590,Kelly’s Filmworks
dist1591,Auroris Media
dist1592,New Moon Films
dist1593,KDM Media
dist1594,3388 Films
dist1595,Arch and Bow Films
dist1596,Beach City Media
dist1597,MakeMake Entertainment
dist1598,Argo One Productions
dist1599,Rowdy Pictures
dist1600,Mainframe Pictures
dist1601,Seven Minds Family Films
dist1602,Fandor
dist1603,Bioskope Films
dist1604,Rajnandini Entertainment
dist1605,Lemon Martini Productions
dist1606,Friday Film House
dist1607,Meridian Hill Pictures
dist1608,Forever Legend Film House
dist1609,Small Batch Studio Entertai…
dist1610,Galaxy Cinema
dist1611,Vidhatha Productions
dist1612,ZapruderFlix
dist1613,The Horror Collective
dist1614,Reina Productions
dist1615,Wafilms
dist1616,DN Cinematics
dist1617,The Asylum
dist1618,Bright Productions Studios
dist1619,The Primal Group
dist1620,Shine the Light Films
dist1621,Stonecutter Media
dist1622,Benaras Mediaworks
dist1623,Lone Pine Pictures
dist1624,Westfield Entertainment
dist1625,Pure Magic Pictures
dist1626,SV2 Entertainment
dist1627,Slasher Film Productions
dist1628,Dash Films
dist1629,Prathyangira Cinemas 
dist1630,Sub-Genre Film
dist1631,Vedaansh Creative Works
dist1632,Little Big Films
dist1633,Unbranded Events
dist1634,National Geographic Documen…
dist1635,Toho International
dist1636,KW Talkies
dist1637,Bharat American Creations
