Index,Total,Average,Combined,No. 1 Movie
Walt Disney, 674," $80,712,496"," $109,117,556,482", Avengers: Endgame
Warner Bros.," 1,088"," $57,682,078"," $100,325,040,530", Harry Potter and the Deathly Hallows:…
Universal," 1,004"," $48,235,224"," $83,669,400,108", Jurassic World
Sony Pictures, 969," $45,096,249"," $78,526,819,056", Spider-Man: No Way Home
20th Century Fox, 736," $49,840,691"," $74,477,682,166", Avatar
Paramount Pictures, 823," $51,748,398"," $70,535,263,912", Titanic
Lionsgate, 544," $28,477,793"," $21,111,171,727", The Hunger Games: Catching Fire
New Line, 241," $29,826,536"," $12,860,697,474", The Lord of the Rings: The Return of …
MGM, 522," $21,773,933"," $12,635,143,958", Die Another Day
Well Go USA, 170," $19,700,000"," $8,873,711,230", Ne Zha Zhi Mo Tong Jiang Shi
Dreamworks SKG, 60," $48,012,727"," $8,617,000,006", Shrek 2
Miramax, 363," $17,498,951"," $8,492,702,567", Chicago
Focus Features, 193," $19,371,649"," $5,957,293,120", London Has Fallen
Weinstein Co., 137," $21,986,628"," $5,951,159,363", Les Intouchables
Fox Searchlight, 174," $10,522,733"," $5,558,799,016", Slumdog Millionaire
China Lion Film Distribution, 91," $25,085,000"," $5,179,171,256", Wo Bi Shi Yao Shen
CMC Pictures, 19," $50,000,000"," $4,683,385,182", Chang jin hu
United Artists, 223," $22,464,286"," $4,473,601,277", No Time to Die
Sony Pictures Classics, 411," $8,947,467"," $4,170,625,922"," Crouching Tiger, Hidden Dragon"
Summit Entertainment, 31," $37,140,741"," $3,888,016,745", The Twilight Saga: Eclipse
20th Century Studios, 24," $125,166,667"," $3,405,446,393", Avatar: The Way of Water
Orion Pictures, 153," $12,000,000"," $2,673,491,779", Dances with Wolves
STX Entertainment, 39," $29,243,750"," $2,101,117,152", Valerian and the City of a Thousand P…
Sony/TriStar, 71," $39,500,000"," $1,734,186,712", Rambo: First Blood Part II
Relativity, 38," $25,464,516"," $1,709,611,704", Immortals
FUNimation, 26," $9,333,333"," $1,699,951,568", Kimetsu no Yaiba: Mugen Ressha-Hen
Miramax/Dimension, 22," $30,028,571"," $1,693,827,990", Scary Movie
CJ Entertainment, 55," $12,325,000"," $1,642,135,822", Myeong-ryang
Open Road, 51," $24,768,421"," $1,524,091,700", The Nut Job
Columbia, 103," $9,885,714"," $1,482,605,877", Close Encounters of the Third Kind
IFC Films, 567," $6,978,352"," $1,433,612,639", My Big Fat Greek Wedding
Eros Entertainment, 163," $5,122,727"," $1,250,193,548", Bajrangi Bhaijaan
Magnolia Pictures, 383," $7,181,641"," $1,232,359,440", Xi you xiang mo pian
A24, 129," $7,290,000"," $1,111,457,851", Everything Everywhere All At Once
UTV Communications, 96," $6,260,000"," $1,065,861,753", Dangal
GKIDS, 68," $8,821,429"," $1,047,720,507", Eiga Slam Dunk
Gramercy, 59," $9,778,125"," $1,009,987,270", Bean
Roadside Attractions, 157," $9,622,115"," $948,815,142", I Can Only Imagine
Newmarket Films, 20," $14,977,778"," $948,670,177", The Passion of the Christ
Paramount Vantage, 68," $13,225,129"," $921,863,015", Babel
Asia Releasing, 18," $10,800,000"," $861,828,508", Jian Bing Man
The H Collective, 1, $0," $835,474,171", Zhan Lang 2
CBS Films, 25," $16,176,471"," $823,252,354", The Woman in Black
Yash Raj Films, 84," $7,522,000"," $790,151,086", Pathaan
FilmDistrict, 13," $23,604,167"," $733,993,445", Olympus Has Fallen
NiuVision Media, 2, $0," $675,236,758", Mǎn Jiāng Hóng (满江红)
IMAX Films, 19, $0," $645,839,401", Space Station
Artisan, 50," $9,367,391"," $627,798,801", The Blair Witch Project
Weinstein/Dimension, 12," $30,700,000"," $611,564,708", Scary Movie 4
Overture Films, 19," $25,230,769"," $576,456,398", Law Abiding Citizen
Neon, 76," $6,081,333"," $511,481,762", Gisaengchung (기생충)
USA Films, 23," $18,520,000"," $499,074,764", Traffic
Viva Entertainment, 65," $12,375,000"," $486,965,916", K.G.F: Chapter 2
Picturehouse, 32," $11,911,538"," $472,498,090", La Môme
Cannon, 77," $8,957,143"," $464,084,946", Cobra
RKO Radio Pictures, 71," $2,018,400"," $418,106,190", Bambi
FilmRise, 58," $28,450,000"," $387,756,868", Zhuo yao ji
Samuel Goldwyn Films, 228," $7,682,609"," $385,779,579", Fireproof
Fine Line, 80," $6,338,700"," $370,638,190", Dancer in the Dark
Searchlight Pictures, 20," $27,650,000"," $365,486,938", The Menu
Bleecker Street, 64," $12,038,667"," $357,098,075", Logan Lucky
Music Box Films, 127," $6,670,833"," $349,904,711", Potiche
FIP, 32, $0," $340,105,299", Bang Bang
Warner Independent, 22," $12,025,000"," $310,226,675", La marche de l'empereur
Entertainment One, 76," $14,080,000"," $309,349,794", The Little Prince
AMC Independent, 10," $1,800,000"," $305,065,293", Ren zai jiong tu zhi tai jiong
Freestyle Releasing, 168," $11,649,839"," $294,893,733", Dragon Wars: D-War
Focus/Rogue Pictures, 10," $16,064,286"," $288,404,273", Huo Yuan Jia
Great India Films, 9," $30,000,000"," $287,290,011", Baahubali 2: The Conclusion
Self Distributed, 445," $5,698,000"," $283,766,511", Yang Ming Li Wan (扬名立万)
New World, 89," $1,520,000"," $280,043,922", Soul Man
Avco Embassy, 39," $5,025,000"," $279,943,424", Time Bandits
Amazon Studios, 50," $15,741,359"," $272,187,108", AIR
Filmways Pictures, 11," $10,800,000"," $268,776,788", The Amityville Horror
Crunchyroll, 10, $0," $266,000,958", One Piece Film: Red
Vestron, 14, $0," $261,205,696", Dirty Dancing
Variance Films, 57," $7,850,000"," $261,133,935", Tropa de Elite 2: O Inimigo Agora É …
Mongrel Media, 100," $4,900,000"," $260,278,460", Astérix: Le domaine des dieux
MGM/UA Classics, 28," $10,500,000"," $244,862,540", Yentl
Polygram, 8," $36,800,000"," $242,161,411", The Game
Entertainment Studios Motio…, 16," $25,000,000"," $241,136,788", 47 Meters Down
Shout! Factory, 56," $34,000,000"," $233,064,440", Dà Yú Hǎi Táng
Saban Films, 168," $15,978,571"," $227,814,738", Skiptrace
Capelight Pictures, 3, $0," $224,566,841", Beomjoidosi 2 (범죄도시2)
Fathom Events, 167," $10,000,000"," $215,859,092", Tonari no Totoro
MacGillivray Freeman Films, 7, $0," $212,888,752", Everest
Alliance Atlantis, 6," $13,000,000"," $212,257,447", Män som hatar kvinnor
Cohen Media Group, 84," $3,906,250"," $201,524,130", Dans la maison
Eleven Arts, 33," $12,000,000"," $197,160,440", Evangelion Shin Gekijôban: Kyu
Pure Flix Entertainment, 14," $5,195,455"," $191,803,877", God’s Not Dead
Reliance Big Pictures, 24, $0," $188,512,969", Bodyguard
Goldwyn Entertainment, 49," $6,757,143"," $187,521,729", Much Ado About Nothing
Wrekin Hill Entertainment, 8," $37,566,667"," $184,981,021", Jin líng shí san chai
Zee Studios, 47, $0," $182,239,276", Secret Superstar
American International Pict…, 44," $10,500,000"," $181,955,465", The Amityville Horror
Netflix, 118," $53,541,667"," $180,965,744", Shaun the Sheep Movie: Farmageddon
Tiger Pictures Entertainment, 1, $0," $175,689,449", Rén Shēng Lù Bù Shú (人生路�…
Embassy, 29," $3,152,500"," $170,522,723", The Graduate
Annapurna Pictures, 8," $27,033,333"," $162,242,790", Vice
Strand, 276," $3,523,529"," $159,154,079", Auf der anderen Seite
Alchemy, 53," $16,205,556"," $158,535,792", Upside Down
Sarigama Cinemas, 4, $0," $158,023,486", RRR
Savoy, 16," $13,666,667"," $157,468,405", Shadowlands
Kino Lorber, 271," $3,762,500"," $154,385,676", Di Qiu Zui Hou De Ye Wang
EuropaCorp, 6," $20,000,000"," $153,565,934", The Transporter Refueled
Broad Green Pictures, 23," $16,912,500"," $152,898,950", A Walk in the Woods
Trafalgar Releasing, 51, $0," $151,850,990", Bangtansonyeondan Yet Tu Keom In Sine…
Film Movement, 177," $1,135,000"," $149,532,256"," My Love, Don't Cross That River"
Distrib Films, 43," $7,500,000"," $146,130,835", El Nino
Aviron Pictures, 6," $25,000,000"," $144,226,234", After
Vertical Entertainment, 324," $11,387,490"," $143,715,306", Snezhnaya koroleva 3. Ogon i led
RADiUS-TWC, 27," $9,268,889"," $142,058,867", Snowpiercer
ThinkFilm, 91," $6,259,409"," $137,831,775", Before the Devil Knows You're Dead
Atlantic, 31," $3,000,000"," $134,394,960", Teen Wolf
Anchor Bay Entertainment, 87," $5,635,417"," $131,930,505", Frozen
National Geographic Enterta…, 23," $15,000,000"," $127,324,935", Sea Monsters: A Prehistoric Adventure
Allied Artists, 16," $13,500,000"," $126,437,487", Papillon
nWave Pictures, 5, $0," $125,840,167", Encounter in the Third Dimension
Fox International, 9," $13,000,000"," $124,038,150", Prem Ratan Dhan Payo
De Laurentiis Entertainment…, 17," $10,000,000"," $121,869,686", Crimes of the Heart
Big Pictures, 12," $6,750,000"," $119,412,577", 3 Idiots
CM Pictures, 1, $0," $117,734,102", Ren Chao Xiong Yong
United Film Distribution Co., 11," $7,007,143"," $117,726,759", Dawn of the Dead
Angel Studios, 3, $0," $116,937,335", Sound of Freedom
October Films, 45," $4,277,273"," $116,710,045", The Apostle
IDP Distribution, 13," $6,421,667"," $112,994,100", Tae Guik Gi: The Brotherhood of War
Sunn Classics Pictures, 4, $0," $112,500,000", In Search of Noah's Ark
Associated Film Distributors, 9," $22,666,667"," $108,657,414", The Muppet Movie
Yari Film Group Releasing, 12," $14,750,000"," $103,898,877", The Illusionist
Entertainment One, 7, $0," $100,903,048", Rien à déclarer
Indomina Releasing, 9," $3,450,000"," $93,827,239", Long men fei jia
Reliance Entertainment, 31, $0," $93,530,015", Toilet: Ek Prem Katha
Lionsgate Premiere, 30," $6,000,000"," $93,378,493", Ji Qi Zhi Xue
Global Road, 4," $8,325,000"," $88,543,886", Show Dogs
AdLab Films, 12," $10,000,000"," $88,370,085", Ghajini
Kino International, 71," $5,024,778"," $87,987,459", La Pianiste
Pan Media & Entertainment, 2, $0," $85,917,999", Gwansang
Quartet Films, 3," $12,000,000"," $85,198,359", Das Boot
Trimark, 40," $4,625,000"," $84,059,942", Eve's Bayou
Greenwich, 94, $0," $82,722,877", Free Solo
Studio 18, 7, $0," $80,876,854", Singh is Kinng
Regent Releasing, 84," $1,500,000"," $78,280,870", Okuribito
The Orchard, 81," $1,975,000"," $77,175,088", Hunt for the Wilderpeople
Gravitas Ventures, 344," $13,537,500"," $75,633,686", Ji Xian Feng
3D Entertainment, 5," $5,500,000"," $75,066,864", Ocean Wonderland
Crown, 6," $5,500,000"," $74,726,250", My Tutor
American Cinema Releasing, 13, $0," $74,700,000", A Force of One
First Look, 52," $9,787,500"," $74,372,658", Bad Lieutenant: Port of Call New Orleans
101 Studios, 6," $34,000,000"," $74,353,847", The War with Grandpa
Compass International, 3," $325,000"," $72,574,000", Halloween
Janus Films, 64," $5,933,333"," $70,667,770", La grande bellezza
Triumph Releasing, 15," $7,000,000"," $69,316,658", Sidekicks
MPI Media Group, 18," $10,666,667"," $67,059,020", Les petits mouchoirs
Apparition, 6," $12,580,000"," $66,171,919", The Young Victoria
Rocky Mountain Pictures, 32," $5,650,000"," $66,064,574", 2016: Obama’s America
Clarius Entertainment, 6," $32,500,000"," $65,927,939", Legends of Oz: Dorothy’s Return
Pacific International, 3, $0," $65,619,175", The Adventures of the Wilderness Family
Zeitgeist, 119," $3,053,200"," $65,617,656", Sophie Scholl - Die letzten Tage
Screen Media Films, 136," $10,673,667"," $64,100,620", Tian Huo Wei Qing
Vitagraph Films, 31," $7,400,000"," $64,002,981", Så som i himmelen
Magnet Pictures, 34," $2,377,778"," $63,836,426", Akmareul Boatda (악마를 보았다)
Oscilloscope Pictures, 140," $2,593,571"," $62,710,293", We Need to Talk About Kevin
Giant Screen Films, 8," $7,000,000"," $59,402,272", Adrenaline Rush: The Science of Risk
Crimson Forest Entertainmen…, 3," $23,000,000"," $58,826,042", Chāi dàn zhuānjiā
Destination Films, 5," $12,400,000"," $57,429,589", Eye of the Beholder
Drafthouse Films, 40," $1,901,667"," $57,387,916", La French
IDP/Goldwyn/Roadside, 16," $2,730,714"," $57,256,571", Ladies in Lavender
IFC First Take, 24," $4,400,000"," $54,721,970", The Wind That Shakes the Barley
Wanda Media Group, 1, $0," $54,663,066", Kuai Ba Wo Ge Dai Zou
Swen Group, 3, $0," $53,824,372", Nada a Perder
Blue Fox Entertainment, 64," $1,660,000"," $53,088,559", Le loup et le lion
JBG Pictures, 1, $0," $52,491,101", Leokki
High Top Releasing, 12," $2,541,667"," $52,416,995", The Green Inferno
Alliance Atlantis, 34," $7,916,667"," $52,313,562"," Bon Cop, Bad Cop"
Films Seville, 5, $0," $50,793,666", Monsieur Lazhar
Good Deed Entertainment, 30," $3,750,000"," $50,633,340", Loving Vincent
New Yorker, 86," $3,608,333"," $50,262,721", To Be and To Have
Equinox, 2, $0," $50,181,056", Supercondriaque
Fox Star India, 1, $0," $48,698,914", Brahmastra Part 1: Shiva
Lorimar Motion Pictures, 8," $6,600,000"," $48,685,582", Action Jackson
Monterey Media, 71," $2,417,750"," $47,166,432", Home
Tartan Films, 20," $2,831,250"," $47,021,459", Chinjeolhan geumjassi
B4U Movies, 12, $0," $46,132,937", Robot
IFC Midnight, 119," $2,313,833"," $45,981,161", The Babadook
TriBeca Films, 71," $1,692,000"," $44,348,958", Les Émotifs anonymes
New Century Vista Film Company, 17," $4,700,000"," $43,631,269", The Gate
Atlas Distribution, 27," $6,000,000"," $43,164,207", Earth: One Amazing Day
Jensen Farley Pictures, 6, $0," $42,279,927", Private Lessons
BH Tilt, 4," $9,979,000"," $42,178,414", Upgrade
Artists Releasing Corporation, 6, $0," $41,091,822", The Incubus
Focus / Gramercy, 1," $10,000,000"," $40,749,230", The Forest
Cinecom, 21," $3,000,000"," $40,492,910", A Room with a View
Magnet Releasing, 15," $6,400,000"," $37,545,637", heonteu (헌트)
Dada Films, 24, $0," $37,355,481", Jie jiu wu xian sheng
OTL Releasing, 3," $3,000,000"," $37,173,214", Unfriended: Dark Web
Group 1, 4," $2,000,000"," $36,771,620", The Sword and the Sorcerer
InterStar Releasing, 4," $6,000,000"," $34,809,802", Highlander II: The Quickening
Ledafilms, 1, $0," $34,299,855", Mia et le lion blanc
Radius, 12," $12,137,500"," $33,696,509", Solomon Kane
Analysis, 5," $350,000"," $33,429,451", Caligula
First Run Features, 248," $1,321,429"," $32,965,404", Plastic Planet
RS Entertainment, 3," $35,000,000"," $32,906,698", Luther
Abramorama Films, 139," $2,250,000"," $32,585,567", The Beatles: Eight Days a Week
Dimension Pictures, 9," $500,000"," $31,907,498", Kingdom of the Spiders
Empire Pictures, 26," $4,000,000"," $31,860,306", Yves St. Laurent
Orion Classics, 33," $574,333"," $31,728,371", Europa Europa
Cheng Cheng Films, 4, $0," $31,137,660", SoulMate
Briarcliff Entertainment, 9," $14,000,000"," $30,840,105", Blacklight
Cinema Service, 1," $8,500,000"," $30,298,347", Silmido
Miramax/Roadside Attractions, 1, $0," $30,247,787", Mr. Holmes
Walter Reade Organization, 1," $114,000"," $30,087,064", Night of the Living Dead
Bluesky Cinemas, 7," $40,000,000"," $29,882,688", Baahubali: The Beginning
NeoClassics Films, 1," $11,400,000"," $29,830,239", St. Trinian’s
SK Films, 2, $0," $29,676,362", Bugs! (IMAX)
Paladin, 62," $4,650,000"," $29,524,940", What a Man
levelFILM, 15," $2,200,000"," $28,836,153", Sou Suo
Shemaroo Entertainment, 6, $0," $28,224,707", Apne
Rialto Pictures, 53," $7,000,000"," $27,671,681", Z
Momentum Pictures, 57," $13,333,333"," $27,467,147", Oddball
Shudder, 6, $0," $27,238,968", Kamera o tomeru na!
National General Pictures, 17, $0," $26,625,778", The Life and Times of Judge Roy Bean
MUBI, 24, $0," $26,059,274", Heeojil kyeolsim (헤어질 결심)
ShortsHD, 10, $0," $26,040,472", 2019 Oscar Shorts
RLJ Entertainment, 91," $7,525,000"," $25,702,444", Pay the Ghost
Pink Dolphin, 1, $0," $25,462,153", Calendar Girls
Cinema Guild, 97," $690,000"," $25,027,760", Witchboard
WellSpring, 29," $6,280,000"," $25,020,246", De battre mon coeur s'est arrêté
Island, 4," $1,037,500"," $24,998,164", The Trip to Bountiful
LD Entertainment, 6," $5,500,000"," $24,571,580", The Miracle Season
Island/Alive, 8," $1,550,000"," $23,972,128", Kiss of the Spider Woman
IFI Scope, 2," $250,000"," $23,894,000", Graduation Day
Hemdale, 14," $4,500,000"," $23,663,462", Criminal Law
ARC Entertainment, 37," $12,700,000"," $22,274,855", For Greater Glory: The True Story of …
Joe Camp Productions, 1, $0," $22,257,624", For the Love of Benji
Indican Pictures, 208," $1,194,706"," $22,006,345", Find Your Voice
Live Entertainment, 4," $68,000"," $20,587,084", Wes Craven's Wishmaster
Levitt-Pickman, 4, $0," $20,447,000", The Groove Tube
Shining Excalibur, 1," $1,500,000"," $20,412,216", Kids
Cleopatra Films, 18," $8,000,000"," $20,134,936", A Street Cat Named Bob
Vivendi Entertainment, 7," $11,500,000"," $20,104,616"," New York, I Love You"
WGBH Giant-Screen Films, 1, $0," $19,667,161", Shackleton's Antarctic Adventure
Producers Distribution Agency, 4," $650,000"," $19,406,249", The Way
Quality Flix, 2," $5,000,000"," $18,985,812", Hillary’s America: The Secret Histo…
Icarus Films, 38, $0," $18,579,471", Kang rinpoche
Star Synergy Entertainment, 1, $0," $18,520,527", Lipstick Under My Burka
Rainbow Releasing, 15, $0," $18,433,359", Shootout at Lokhandwala
Adopt Films, 17, $0," $18,386,422", Victoria
Odeon Films, 5, $0," $18,283,367", La Grande Seduction
NCM Fathom, 87," $19,000,000"," $18,266,195", Phantom of the Opera at the Royal Alb…
Excel Entertainment, 21," $2,921,667"," $18,045,300", The Other Side of Heaven
Crown International, 3, $0," $17,963,860", The Pom Pom Girls
Under the Milky Way, 6, $0," $17,929,783", Demain
Iconic Releasing, 34," $142,500"," $17,857,909", Terrifier 2
Red Chillies Entertainment, 2, $0," $17,359,388", Jab Harry Met Sejal
Cinedigm, 81," $2,000,000"," $17,222,733", Life
Sundance Selects, 18," $9,000,000"," $17,069,174", Dheepan
PMK*BNC, 4," $930,000"," $16,754,919", Mai wei
Image Entertainment, 31," $4,430,000"," $16,629,926", The Tall Man
Purdie Distribution, 23," $2,000,000"," $16,381,970", Meet the Mormons
Film Arcade, 21," $1,750,000"," $15,931,249"," Love, Rosie"
Lorber Films, 24, $0," $15,865,838", Katyn
Elevation Pictures, 2," $20,000,000"," $15,824,374", Regression
Gaumont British Picture Cor…, 3," $20,000,000"," $14,362,043", Un sac de billes
Warren Miller Entertainment, 7, $0," $13,997,864", Fifty
Viva Kids, 2, $0," $13,964,528", The Amazing Maurice
Discovery/IMAX, 2, $0," $13,806,525", Africa's Elephant Kingdom
Providence Entertainment, 3," $7,200,000"," $13,773,632", The Omega Code
LD Distribution, 2," $10,000,000"," $13,549,204", The Collection
Northern Arts Entertainment, 25, $0," $13,314,573", Don't Move
Galaxy International Releasing, 4," $6,000,000"," $13,220,472", Halloween 5: The Revenge of Michael M…
Ketchup Entertainment, 10," $9,075,000"," $13,155,978", Hypnotic
Skouras, 8, $0," $12,430,742", Mitt liv som hund
Distributor Unknown, 13," $2,000,000"," $12,379,349", Les Boys
Stratosphere Entertainment, 10," $1,000,000"," $12,077,707", Hideous Kinky
Menemsha Entertainment, 28," $500,000"," $11,993,789", Lasciati Andare
Palm Pictures, 38," $2,565,000"," $11,960,922", Ten Canoes
M Power Releasing, 1," $10,000,000"," $11,924,041", End of the Spear
Captured Light, 1," $4,000,000"," $11,704,768", What the #$'! Do We Know
Lionsgate/Roadside Attractions, 3," $1,125,000"," $11,466,415", The Skeleton Twins
Codeblack Entertainment, 7," $750,000"," $10,777,969", Kevin Hart: Laugh at My Pain
Slowhand Cinema, 22," $7,550,000"," $10,675,781", The Perfect Game
Avenue Pictures Productions…, 4, $0," $10,674,433", The Object of Beauty
truTV, 1," $3,000,000"," $10,466,091", Impractical Jokers: The Movie
Five & Two Pictures, 11," $941,667"," $10,423,935", October Baby
Televisa Cine, 2, $0," $10,196,556", A Day Without a Mexican
Phase 4 Films, 48," $3,259,167"," $10,099,579", Horrid Henry: The Movie
Third Rail, 4," $20,666,667"," $9,872,101", Flash Point
Big Air Studios, 2, $0," $9,716,671", The Hole 3D
Uncork'd Entertainment, 42, $0," $9,445,715", Lo Chiamavano Jeeg Robot
The Avenue Entertainment, 9, $0," $9,356,818", Medieval
Roxie Releasing, 11," $2,666,667"," $9,262,549", Genghis Blues
Gunpowder & Sky, 20," $2,250,000"," $9,074,531", Leto
Shadow, 33, $0," $8,761,386", The Wild Parrots of Telegraph Hill
Smith Global Media, 6," $3,500,000"," $8,732,372", Charming
XLrator Media, 49," $2,690,000"," $8,722,929", Michiel de Ruyter
Super LTD, 14, $0," $8,536,203", An Cailín Ciúin
Millimeter Films, 6, $0," $8,405,504", Hardware
Vision Films, 14, $0," $8,359,684", The Healer
Independent Artists, 3," $4,000,000"," $8,347,530", Fathers and Daughters
Cinema Libre, 47," $1,030,000"," $8,234,160", En guerre
Unison/Paladin, 1, $0," $8,209,627", What We Do in the Shadows
Film Ventures International, 8, $0," $8,206,461", The Fifth Floor
Megabox Plus M, 1, $0," $8,004,283", DONGJU; The Portrait of A Poet
Shooting Gallery, 5, $0," $7,988,037", Croupier
United Entertainment Partners, 1, $0," $7,900,000", The Final Master
8X Entertainment, 2," $22,000,000"," $7,791,554", Megiddo: Omega Code 2
Primesco, 2, $0," $7,739,694", Wolves
Bud Yorkin Co., 1, $0," $7,681,246", Twice in a Lifetime
Electric Entertainment, 4," $20,000,000"," $7,643,065", Bad Samaritan
Wide Lens Pictures, 2, $0," $7,628,612", Desibel (데시벨)
Pantelion Films, 4, $0," $7,540,364", Y cómo es él?
Arenas Entertainment, 3, $0," $7,426,607", Nicotina
Seven Arts Pictures, 6, $0," $7,182,726", Rambling Rose
Phaedra Cinema, 20," $25,000"," $7,131,210", Fever Pitch
Libra Films, 4," $100,000"," $7,120,982", Eraserhead
National Theatre Live, 2, $0," $7,079,008", National Theatre Live: Prima Facie
The Bigger Picture, 19," $11,800,000"," $7,057,125", Genghis Khan: To the Ends of the Eart…
Rocket Releasing, 2, $0," $7,037,200", Tomboy
BB Entertainment, 1, $0," $6,982,159", Innocent Voices
Chicago Releasing, 1, $0," $6,881,021", Redline
Shorts International, 5, $0," $6,859,713", 2013 Oscar Shorts
Cloudburst Entertainment, 2, $0," $6,788,760", Infidel
Live Film & Mediaworks, 1, $0," $6,762,661", Caught Up
Arcangelo Entertainment, 3, $0," $6,733,976", Kenny
Quiver, 41, $0," $6,568,208", Blueback
Cowboy Pictures, 15," $2,500,000"," $6,567,868", The Endurance: Shackleton's Legendary…
Stage 6 Films, 1, $0," $6,479,980", Final Fantasy XV: Kingsglaive
Koch Lorber Films, 17, $0," $6,227,899", Changing Times
PackYourBag Films, 5, $0," $6,183,624", Uri: The Surgical Strike
International Film Circuit, 41," $683,333"," $6,142,073"," Yoo-Hoo, Mrs. Goldberg"
Film Foundry, 2," $13,000,000"," $6,132,806", The Ultimate Gift
Omin/Freestyle, 1," $20,000,000"," $6,093,725", Dylan Dog: Dead of Night
Lot 47 Films, 5," $700,000"," $6,071,496", The Fast Runner
Rosebud Releasing, 1," $3,500,000"," $5,927,557", Evil Dead II
RLJ Entertainment/Image Ent…, 9," $18,500,000"," $5,773,820", The Cobbler
Good Machine Releasing, 1," $3,000,000"," $5,746,453", Happiness
Tachyon, 3, $0," $5,743,085", Patiala House
Gathr Films, 15," $1,708,333"," $5,689,125", Walk with me
Pentagon Releasing Inc., 1, $0," $5,664,557", The Concrete Jungle
Cinegalaxy, 6, $0," $5,613,794", Kabali
Tribe Releasing, 1, $0," $5,607,900", ¿Cómo Cortar a Tu Patan?
Soli Deo Gloria Releasing, 1, $0," $5,433,686", Nefarious
Chiller Films, 4, $0," $5,356,447", The Boy
Breaking Glass Pictures, 59," $6,840,000"," $5,342,934", Mi gran noche
Corsair, 2, $0," $5,269,711", A Shock to the System
Epic Pictures Group, 39," $60,000"," $5,169,381", Ddeugeoun Pi (뜨거운 피)
Focus World, 8," $10,000,000"," $5,100,344", Raw
Studio Three Film Corporation, 2, $0," $5,024,815", Popcorn
HBO Documentary Films, 13, $0," $4,902,965", Diego Maradona
GVN Releasing, 13," $8,000,000"," $4,789,655", Gosnell: The Trial of America’s Big…
ArtMattan Films, 33, $0," $4,739,568", Marighella
Zipporah, 9, $0," $4,669,575", La Danse
Cineplex/Odeon, 5, $0," $4,659,684", The Care Bears Adventure in Wonderland
Christal Films, 4, $0," $4,650,627", Nez Rouge
Visio Entertainment, 2, $0," $4,367,448", Seven Days In Utopia
Jour de Fete, 4, $0," $4,300,390", Mrs. Palfrey at the Claremont
Cloud Ten Pictures, 1," $18,500,000"," $4,224,065", Left Behind
KimStim, 26, $0," $4,120,760", Jia Nian Hua
ArtAffects, 8, $0," $4,111,975", The Other Side of Heaven 2: Fire of F…
PBS Distribution, 12," $650,000"," $4,100,963", The Chaperone
Outsider, 24, $0," $4,064,041", El Cuento de las Comadrejas
Utopia, 25, $0," $3,962,028", Holy Spider (عنكبوت مقدس)
Big World Pictures, 24, $0," $3,938,367", Vlastníci
Prime Media Pictures, 5, $0," $3,870,893", Vikram
Fun Academy Motion Pictures, 1," $25,000,000"," $3,823,620", Sgt. Stubby: An American Hero
Benji Returns, 1, $0," $3,817,362", Benji: Off the Leash!
Trans World Entertainment, 8, $0," $3,809,853", Kansas
Dekanalog, 13, $0," $3,799,476", Au Poste!
The 7th Floor, 3, $0," $3,752,049", Room
Romar, 3," $13,000,000"," $3,715,333", BloodRayne
Manhattan Pictures Internat…, 1, $0," $3,707,201", The Secret Lives of Dentists
Legacy Releasing, 16, $0," $3,690,782", Shiloh
TLA Releasing, 27," $1,425,000"," $3,670,315", Latter Days
Penland, 3, $0," $3,635,801", China Cry: A True Story
ATO Pictures, 4, $0," $3,590,634", The Oranges
Hannover House, 26," $4,750,000"," $3,532,760", Turtle: The Incredible Journey
Sanrio Communications, 1, $0," $3,500,000", The Glacier Fox
Outrider Pictures, 10," $600,000"," $3,438,552", American Adobo
Novus Content, 1, $0," $3,424,454", Til Death Do Us Part
Stony Island Entertainment, 1, $0," $3,377,778", Is Anybody There?
IDP/Samuel Goldwyn Films, 3, $0," $3,347,288", That Sugar Film
Dark Star Pictures, 44, $0," $3,307,686", Sagasu (さがす)
Independent Indian, 3, $0," $3,291,767", Gangubai Kathiawadi
Academy Entertainment, 2, $0," $3,247,160", Paris is Burning
Borotoro, 1," $11,000,000"," $3,231,251", Romance and Cigarettes
Aloha Releasing, 6, $0," $3,153,363", G
Artistic License, 26," $2,000,000"," $3,147,304", Wandafuru raifu
Halestorm Entertainment, 6," $500,000"," $3,146,608", The Singles Ward
City Lights Pictures, 10, $0," $3,137,661", O Ano em Que Meus Pais Saíram de Fé…
Wingate Distribution, 1," $2,900,000"," $3,127,472", Boynton Beach Club
Brainstorm Media, 32, $0," $3,117,033", How to Please a Woman
Vivafilm, 3, $0," $3,097,305", Inspector Sun y la maldición de la v…
Rat Entertainment, 1, $0," $3,075,052", Paid in Full
WinStar Cinema, 4," $5,955,000"," $3,052,355", The Source
Mitropoulos Films, 8, $0," $3,046,984", Elsa & Fred
Concorde, 4, $0," $3,036,636", Brain Dead
Raja Cinema, 1, $0," $2,997,278", Mission Istaanbul
Aron Govil Productions, 1, $0," $2,992,880", Shoot on Sight
Railroad Square, 2, $0," $2,968,790", Vers le sud
Cinelou Releasing, 2," $8,000,000"," $2,941,179", Cake
Truly Indie, 26," $178,500"," $2,922,555", Valentino: The Last Emperor
Taurus, 8," $9,000,000"," $2,902,273", Class of 1999
HEFG Releasing, 1," $3,500,000"," $2,893,660", The House Next Door: Meet the Blacks 2
Paragon Pictures, 4, $0," $2,847,907", Night of the Demons
Hammond Entertainment, 5," $9,000,000"," $2,843,790", Greater
Grasshopper Film, 52, $0," $2,797,030", Lu bian ye can
Amazon Studios/Roadside Att…, 1," $15,000,000"," $2,733,397", Chi-raq
Cardinal Film Releasing, 1, $0," $2,732,684", Hot Moves
FM Entertainment International, 2, $0," $2,699,154", The Kindred
KKM Enterprises, 1, $0," $2,645,991", El gran milagro
Pinnacle Peak, 2, $0," $2,633,364", Little Women
Luke Films, 1, $0," $2,627,016", Therese
Moviegoers Entertainment, 1, $0," $2,614,560", Jugjugg Jeeyo
Peace Arch Releasing, 7, $0," $2,562,197", JCVD
Innovation Film Group, 9, $0," $2,549,524", The Legend of Johnny Lingo
Matson, 8," $2,000,000"," $2,545,513", It's All Gone Pete Tong
Avatar, 10," $100,000"," $2,537,786", Kandahar
European International, 2, $0," $2,522,881", Le retour de Martin Guerre
"Cinema Tropical, FIGA Films", 2, $0," $2,518,193", Pelo malo
Arrow Releasing, 8, $0," $2,506,361", Ponette
Video Sound, 4," $1,000,000"," $2,502,199", Fiza
Faith Media Distribution, 7, $0," $2,479,230", True to the Game 2: Gena’s Story
Myriad Entertainment Group, 4, $0," $2,456,852", La Danseuse
Exclusive Releasing, 2," $10,000,000"," $2,453,387", Parkland
Area 23a, 16, $0," $2,448,633", Fantastic Fungi
Juno Films, 9, $0," $2,406,015", Tove
Acorn TV, 1, $0," $2,388,585", Miss Fisher & The Crypt Of Tears
Shapiro, 4, $0," $2,365,510", Def by Temptation
Power Point Films, 1," $50,000"," $2,335,352", Gabriela
Ammo Content, 11, $0," $2,327,750", Leo da Vinci: Missione Monna Lisa
Cinestaan, 2, $0," $2,327,378", Bhoot: Part One — The Haunted Ship
BET Pictures, 1, $0," $2,291,255", Once Upon a Time... When We Were Colored
Purple Rose Films, 1, $0," $2,276,406", Escanaba in Da Moonlight
Lionsgate/After Dark, 2, $0," $2,274,489", The Abandoned
Apple Original Films, 14," $56,666,667"," $2,237,618", CODA
Sycamore Entertainment Grou…, 1, $0," $2,226,888", The Eye of the Storm
Lightyear Entertainment, 10, $0," $2,152,358", Maze
ABS-CBN, 15, $0," $2,152,065", The Hows of Us
Hidden Empire Releasing, 1, $0," $2,138,235", Fear
Wolfe Releasing, 20," $400,000"," $2,137,848", Parched
RAM Releasing, 2, $0," $2,126,415", App
Counterpoint Films & Self-R…, 1, $0," $2,083,186", Awake: The Life of Yogananda
Seventh Art Releasing, 44, $0," $2,051,043", Exhibition On Screen: Cezanne
Doppelganger Releasing, 8," $2,600,000"," $2,044,163", Arme Riddere
Applied Art Productions, 2, $0," $2,042,836", Delhi Safari
Emerging Pictures, 32, $0," $2,026,064", Honeydripper
Decal, 4, $0," $2,025,571", The Offering
Vineyard Distribution, 1," $6,500,000"," $2,025,032", The Work and the Glory: American Zion
Kit Parker Films, 2, $0," $2,022,827", Nueba Yol
Barking Cow Distribution, 1," $15,000,000"," $2,013,340", San suk si gin
Echolight Studios, 2," $7,000,000"," $2,004,423", The Christmas Candle
Smodshow Productions, 1," $4,000,000"," $1,983,596", Red State
Cinepix Film Properties, 9, $0," $1,957,978", Il Mostro
Pallisades Tartan, 3, $0," $1,951,505", Lourdes
Society Films, 1, $0," $1,944,253", Maria Sklodowska Curie
Amplify, 10, $0," $1,914,854", The Zero Theorem
Quaker Media, 1," $7,000,000"," $1,891,936", The Mighty Macs
Together Films, 1, $0," $1,881,876", 2040
Rising Star Entertainment, 17, $0," $1,862,580", London Nahi Jaunga
Branded Entertainment, 1, $0," $1,832,541", Crooked Arrows
Riverrain, 4, $0," $1,831,421", Slamma Jamma
Palisades, 6, $0," $1,823,223", Deadtime Stories
Really Big Film Corp., 1, $0," $1,808,679", N'sync: Bigger than Live
XYZ Films, 8, $0," $1,770,130", Huesera
Bleecker Street & Amazon St…, 1, $0," $1,766,703", Elvis & Nixon
Castle Hill Productions, 28," $1,000,000"," $1,755,237", Left Luggage
"Libero, LLC", 1, $0," $1,706,325", Sweet Land
First Independent Pictures, 12," $10,000,000"," $1,693,891", Holy Rollers
Monument Releasing, 17, $0," $1,666,219", Charlie’s Country
Regatta, 1, $0," $1,660,230", Destination Wedding
Halestone, 3," $500,000"," $1,656,076", The R.M.
Holedigger Studios, 2, $0," $1,652,665", Off the Map
Friday Entertainment, 2, $0," $1,630,570", Waltair Veerayya
Ficus, 1, $0," $1,582,476", Seethamma Vakitlo Sirimalle Chettu
Submarine Deluxe, 17," $2,000,000"," $1,567,521", Peggy Guggenheim: Art Addict
"One Media, LLC", 1, $0," $1,557,494", Persecuted
TVA Films, 1, $0," $1,548,858"," Dédé, à travers les brumes"
Gener8xion Entertainment, 3, $0," $1,513,947", The Cross: The Arthur Blessitt Story
UP2U Films, 1, $0," $1,511,980", Running The Bases
Nocturnal Features, 16, $0," $1,491,299", The Afflicted
Selznick Releasing Organiza…, 2, $0," $1,485,311", The Third Man
D’Souza Media, 1, $0," $1,465,512", 2000 Mules
Moviestore Entertainment, 2," $1,100,000"," $1,463,574", The Offspring
Landau Releasing Organization, 1, $0," $1,447,505", The Servant
Archstone Entertainment, 14, $0," $1,426,846", The Butterfly Room
Rooster Teeth, 1, $0," $1,405,548", Lazer Team
Hola Mexico, 1, $0," $1,380,353", Me Estas Matando Susana
IRS Releasing, 5, $0," $1,375,864"," Gas, Food Lodging"
Hyde Park Films, 1," $8,300,000"," $1,353,296", The City of Your Final Destination
Argot Pictures, 27, $0," $1,323,702", El Silencio de Otros
Fabrication Films, 3," $475,000"," $1,322,563", Conversations with Other Women
Ram Entertainment, 1, $0," $1,276,994", The Celestine Prophecy
Solo Media, 1, $0," $1,256,339", Kaptein Sabeltann og den magiske diamant
Future Educational Films, 1, $0," $1,250,962", Walking the Camino: Six Ways to Santiago
Keystone Entertainment, 1, $0," $1,248,746", MVP: Most Valuable Primate
CanZion Films, 4, $0," $1,248,508", Poema de Salvación
Seville, 1, $0," $1,238,180", Nuit de Noces
Pure Flix / Samuel Goldwyn …, 2, $0," $1,231,211", Faith of Our Fathers
518 Media, 2, $0," $1,228,642", Inland Empire
Cho Taussig Prods., 1, $0," $1,210,967", I'm the One That I Want
RCR Media Group, 1," $18,000,000"," $1,199,510", Phantom
Rainforest Productions, 1," $200,000"," $1,161,843", Trois
Balcony Releasing, 19, $0," $1,160,960", Enlighten Up!
Aura Entertainment, 1, $0," $1,146,474", December Boys
Streamlined Pictures, 1, $0," $1,124,210", Kiki's Delivery Service
Limelight International, 1, $0," $1,113,538", Possession
Maya Releasing, 12," $2,500,000"," $1,112,050", KOATI
Superlative Films, 1," $700,000"," $1,110,511", Columbus
"Callbox, LLC", 1," $225,000"," $1,109,276", Burn
Panorama Entertainment, 8, $0," $1,103,794"," The Bread, My Sweet"
Docurama, 4, $0," $1,089,571", Generation Iron
DreamWorks/Go Fish, 2, $0," $1,081,724", Ghost in the Shell 2: Innocence
Grand Showbiz Media, 4, $0," $1,081,247", Pink
Access Motion Picture Group, 1," $2,000,000"," $1,075,504", Dinner Rush
Ten Furlongs, 1," $10,000,000"," $1,069,454", 50 to 1
Cinema Slate, 4, $0," $1,067,245", La Patota
Black Diamond Pictures, 1," $10,100,000"," $1,066,555", September Dawn
Kenn Viselman Presents, 1," $20,000,000"," $1,065,907", The Oogieloves in the BIG Balloon Adv…
Tips Exports, 1, $0," $1,061,545", Yaadein
Main Street, 10, $0," $1,054,664", Great Expectations
New Films Cinema, 6," $3,000,000"," $1,053,053", Chain Letter
Media Partners, 1, $0," $1,041,228", Kaante
Alive Mind, 12, $0," $1,034,475", El Bulli: Cooking in Progress
Alliance Vivafilm, 1, $0," $1,011,919", Les sept jours du talion
Aspiration Media, 2, $0," $985,592", Noble
Third Day Productions, 1, $0," $958,728", The Devil Conspiracy
The Ciesla Foundation, 3, $0," $954,829", The Spy Behind Home Plate
Lantern Lane Entertainment, 5, $0," $948,537", Outsourced
Gaatri Media, 1, $0," $934,922", Gentleman
1091 Media, 15, $0," $932,094", Meeting Gorbachev
Elephant Eye Films, 5, $0," $912,980", La Nana
Hamsini, 4, $0," $897,526", Kaathu Vaakula Rendu Kadhal
ContentFilm, 2," $5,000,000"," $894,030", Party Monster
White Hill Production, 4, $0," $890,622", Punjab 1984
Hombre de Oro, 1," $3,500,000"," $886,410", La otra conquista
After Dark, 12," $2,000,000"," $873,762", Echelon Conspiracy
Candlelight Media, 1, $0," $872,427", Emma Smith: My Story
CFI, 3, $0," $845,100", Miekkailija
Starz Media, 10," $800,000"," $841,087", The Family Fang
Set Pictures, 1, $0," $835,767", Lagaan
CODEBLACK Films/Lionsgate, 2, $0," $835,649", Frankie & Alice
Altered Innocence, 14, $0," $825,550", Garçon chiffon
Arts Alliance America, 5, $0," $814,084", Pearl Jam Twenty
Arthouse Films, 10, $0," $810,166", Jean-Michel Basquiat: The Radiant Child
Page 124 Productions, 1, $0," $809,590", Bill W.
Cartilage Films, 3, $0," $808,810", Madame Hyde
Veracity Moving Pictures, 1, $0," $781,133", Unconditional
Leisure Time Features, 8, $0," $774,221", Faust
Senart/Scranton-Lacy, 2, $0," $742,583", Bonneville
CAVU Releasing, 11, $0," $732,946", The Holy Land
Greycat Films, 4, $0," $732,577", Thousand Pieces of Gold
ESX Entertainment, 3," $2,000,000"," $725,042", Bennett’s War
P12 Films, 1, $0," $721,736", The Great Alaskan Race
Crane Movie Company, 1, $0," $719,556", Forever Strong
Triton Pictures, 1, $0," $708,440", Mindwalk
Starz Digital Media, 6, $0," $706,195", Boulevard
Cinetel, 3," $1,600,000"," $705,313", Out of the Dark
Unico Entertainment, 5, $0," $694,650", Imelda
Palm/Manga, 4, $0," $692,482", Dig
P&A Releasing, 1, $0," $692,000", National Lampoon's Gold Diggers
Bond/360, 12, $0," $690,356", Alive Inside
BBC Worldwide North America, 5," $600,000"," $680,934", London Road
Cyan, 4," $5,000,000"," $654,712", The Oh in Ohio
Glass Half Full Media, 3, $0," $653,493", Le sorelle Macaluso
Imaginasian, 3," $1,300,000"," $635,554", Journey from the Fall
Cinema Purgatorio, 8," $450,000"," $632,466", Björk: Biophilia Live
FilmDallas Pictures, 1, $0," $623,112", Spike of Bensonhurst
ITN, 8, $0," $612,323", Showdown in Manila
Collective Eye, 2, $0," $608,158", Seed: The Untold Story
Films Around the World, 2, $0," $597,979", à bout de souffle
Long Shot Factory, 8, $0," $597,522", Somewhere Between
Caledonia Pictures, 1, $0," $595,000", Where the Rivers Flow North
Eammon Films , 6, $0," $588,431", Una
erbp Film, 1, $0," $584,881", Upstream Color
Tugg, 7, $0," $575,258", Range 15
Picture This Entertainment, 13, $0," $567,670", Garcon Stupide
Gold Circle Films, 2," $4,000,000"," $564,997", Poolhall Junkies
Namah Pictures, 1, $0," $558,223", Satyaprem Ki Katha
Romantic Troubadour Enterta…, 1, $0," $556,511", Insidious
Filmopolis Pictures, 1, $0," $555,900", Ma saison préfélrée
Global View Entertainment, 1, $0," $546,382", Followed
AMBI, 8, $0," $535,240", This Beautiful Fantastic
The Bubble Factory, 1," $3,000,000"," $533,235", Creature
Logo Features, 1, $0," $532,878", Noah's Arc: Jumping the Broom
American Zoetrope, 1, $0," $518,522", Tetro
Abkco Films, 3, $0," $506,509", Poesia Sin Fin
Five Sisters Productions, 1, $0," $505,675", Manna From Heaven
The Film Desk, 15, $0," $504,838"," Je t'aime, je t'aime"
Buffalo 8, 5, $0," $502,644", Love Gets a Room
Vertigo Releasing, 1, $0," $485,017", After Love
First Independent/Dada Films, 3, $0," $484,696"," Broadway: The Golden Age, by the Lege…"
Vega Baby, 2, $0," $483,842", Ghoul
BritBox, 1, $0," $483,685", 63 Up
Fin and Fur Films, 1, $0," $480,240", Deep in the Heart: A Texas Wildlife S…
Star Studios, 1, $0," $478,385", Selfiee
Autonomous Films, 1," $1,000,000"," $473,769", Wristcutters: A Love Story
American Experience/PBS Films, 1, $0," $466,114", Last Days in Vietnam
Concert Films, 1, $0," $465,197", Escape From Extinction
Parade Deck Films, 18, $0," $448,570", Hannah
Hammer the Movie, 1," $850,000"," $442,638", The Hammer
Mela Films, 1," $200,000"," $439,651", Short Cut to Nirvana: Kumbh Mela
Cinedigm/Film Arcade, 1," $6,000,000"," $437,089", Song One
Paladin/108 Media, 3, $0," $427,200", The We and the I
Net Effect, 2, $0," $424,536", Yuva
Corinth Films , 9, $0," $420,849", The Carer
Direct Cinema Ltd, 2, $0," $415,130", In Search of Mozart
Full Circle Releasing, 1, $0," $408,229", Transylmania
Westchester Films, 1, $0," $402,088", The Little Traitor
Phars Films, 3, $0," $393,740", Marakkar: Lion of the Arabian Sea
Collide Distribution, 2, $0," $391,167", Tyson’s Run
Loki Films, 1, $0," $390,170", Detropia
Entertainment Squad, 5, $0," $388,017", The Dare
K Street Pictures, 1, $0," $384,885", Alex & Eve
Rezinate Entertainment, 1, $0," $372,623", Murder in the Woods
Peace Film LLC, 1," $1,500,000"," $372,239", MOOZ-lum
Typecast Releasing, 5, $0," $368,349", Iraq in Fragments
Walking Shadows, 4, $0," $367,569", Milarepa
Almi, 7, $0," $364,003", The Bostonians
Signature Films, 1, $0," $359,207", The Estate
Bauer Martinez, 4, $0," $358,670", Modigliani
The Animation Show/IPMA, 1, $0," $352,964", The Animation Show
1844 Entertainment, 1, $0," $347,174"," Gospod postoi, imeto i' e Petrunija"
Painted Zebra Releasing, 1," $200,000"," $346,106", Malevolence
Dark Sky Films, 30, $0," $345,615", Girl on the Third Floor
"AwesomenessTV, Conjunction …", 1, $0," $344,500", Mindless Behavior: All Around The World
GasLand Productions, 1, $0," $339,505", GasLand
Variance/40 Acres & a Mule …, 1, $0," $338,803", Red Hook Summer
Magic Lamp, 6, $0," $329,154", American Chai
ABCKO Films, 1, $0," $323,391", La danza de la realidad
CineLife Entertainment, 4, $0," $322,634", The Rolling Stones Havana Moon
"Fame, Inc.", 1, $0," $316,527", The Aryan Couple
RiverRain / Ripple Effect, 1, $0," $316,117", David and Goliath
Senator Entertainment, 1," $18,000,000"," $315,000", The Informers
Persona Films, 1," $4,200,000"," $313,230", Cargo
Anywhere Road Entertainment, 4," $950,000"," $310,940", Antônia - O Filme
Maddock Films, 1, $0," $303,891", Zara Hatke Zara Bachke
Proud Mother Pictures, 1, $0," $300,968", I Am Eleven
Red Flag Releasing, 6," $2,500,000"," $299,989", The Green Wave
Trident AV Technologies, 2, $0," $297,489", Bhediya
Slugger Films, 1, $0," $293,793", Mickey
JSC Entertainment, 1, $0," $292,824", Innocence
Somerset Films, 1, $0," $290,379", Passage to Zarahemla
Jerry Gross Organization, 3," $100,000"," $287,000", Penitentiary
Manifold Productions, 1, $0," $282,149", Created Equal: Clarence Thomas in His…
Rhythm Boyz Entertainment, 2, $0," $281,712", Maurh
Integrity Releasing, 3, $0," $277,563", Paul’s Promise
Film Sales Company, 3," $800,000"," $272,816", Cama adentro
Silver Nitrate, 2, $0," $271,078", Dirty
Radha Krishna Entertainments, 1, $0," $269,056", Akhanda
Kino/Emerging, 1, $0," $268,431", Harvard Beats Yale 29-29
The Film Collaborative , 13," $500,000"," $266,289", Contracorriente
Films Seville, 1, $0," $264,552"," Mafia, Inc."
Asymmetrical, 1, $0," $261,865", Mimimalism: A Documentary About the I…
The Vladar Company, 5, $0," $261,477", Jeremy Scott: The People’s Designer
Anchor Bay/Freestyle, 4, $0," $261,263", I Spit on Your Grave 3
A Slice of Pie Productions, 1, $0," $257,371", The Automat
Salient Media, 3, $0," $253,257", Atrocious
Shakey Pictures, 1, $0," $251,862", Greendale
Lovett, 1, $0," $249,565", Gay Sex in the 70's
7-57 Releasing, 2, $0," $246,442", La Soga
PlayNow Enterprise, 1, $0," $240,214", Carter High
AIM Distribution, 4, $0," $237,925", Kaaki Sattai
Fader Films, 1," $250,000"," $237,816", On the Outs
AFFRM, 1," $200,000"," $236,806", Middle of Nowhere
Cranked Up Films, 5, $0," $236,234", Extra Ordinary
DisruptiveLA, 1, $0," $234,990", James Cameron’s Deepsea Challenge 3D
Slater Brothers Entertainment, 1, $0," $234,830", My Uncle Rafael
Pacific Northwest Pictures, 1, $0," $234,417", After the Ball
Untold Creative, 1," $500,000"," $230,362", The True Cost
Warrior Poets, 1, $0," $229,270", What Would Jesus Buy?
Yellow Veil Pictures, 5, $0," $228,283", Lux Aeterna
RBC Radio, 1," $1,000,000"," $227,241", Guiana 1838
Arrival Pictures, 1, $0," $225,863", The Keeper: The Legend of Omar Khayyam
Paulist Pictures, 1, $0," $225,161", Entertaining Angels: The Dorothy Day …
Welcome Villain Films, 2, $0," $221,738", Malum
YouTube, 2, $0," $220,199", Museo
Archway Pictures, 1, $0," $213,101", Love in Kilnerry
Fair Trade Pictures, 1," $200,000"," $212,989", Call+Response
Moriah Films, 2, $0," $212,601", Winston Churchill: Walking with Destiny
Santa Rita Film Co, 1, $0," $204,881", The Iron Orchard
O’Malley Creadon Productions, 1, $0," $204,709", Hesburgh
Elysian Films, 1, $0," $203,305", Skin
Continental Distributing, 9, $0," $187,883", Voyna i mir
Goodbye Cruel Releasing, 2," $30,000"," $186,207", Mutual Appreciation
Spelling Films, 1, $0," $185,170", Rumpelstiltskin
FilmBuff, 35," $1,750,000"," $181,452", Road Hard
DEJ Productions, 2," $1,100"," $181,041", My Date With Drew
Tulip Pictures, 1, $0," $179,596", Silencio
Level 33, 24, $0," $176,876", Facing Monsters
Noujaim Films, 1," $1,500,000"," $176,262", The Square
Lange, 2, $0," $175,000", Uncle Nino
Praneeth Media, 3, $0," $174,695", Iru Mugan
Blue Water Entertainment, 1," $2,500,000"," $174,255", Fuel
Variance Films/Everest Films, 1, $0," $173,828", Passport to Love
Reel Diva Consultants, 4, $0," $171,822", Cover
Synergetic, 4, $0," $170,325", Sameblod
LevelFILM, 1, $0," $168,561", Eternal Spring
Priority Films, 1," $3,000,000"," $163,069", Holly
Game Theory Films, 2, $0," $162,587", Riceboy Sleeps
California Newsreel, 5, $0," $161,726", Black Gold
Olive Films, 17," $13,000,000"," $156,580", Die Fremde
Omjee Star Studios, 1, $0," $156,147", Chal Jindiye
Ariztical Entertainment, 1, $0," $155,212", Eating Out
ISA Releasing, 2, $0," $151,815", Tie-died: Rock 'n Roll's Most Deadica…
Small Planet, 2, $0," $151,138", Charlotte Sometimes
Motion Film Group, 1, $0," $148,994", Gun Hill Road
LAMA Distribution, 1, $0," $148,091", Heaven
Synkronized, 3, $0," $147,941", Saving Flora
Cosmic Pictures/Arcane Pict…, 1, $0," $147,161", Superpower Dogs
Kindred Media Group, 3, $0," $146,860", Game 6
Rada Film Group, 1, $0," $146,702", American Promise
Interfilm, 1, $0," $144,961", Mr. Payback: An Interactive Movie
Balaji Telefilms, 2, $0," $144,414", Super Singh
SenArt Films, 1, $0," $143,178", Kids for Cash
Geneon Entertainment, 1, $0," $141,928", Appurushîdo
First Run/Icarus, 20," $200,000"," $140,774", Excellent Cadavers
Synergy Films, 1, $0," $138,947", El Ruby House
Meadowbrook, 1, $0," $138,267", Brooklyn Lobster
NME, 1, $0," $137,260", Beneath Us
Cinema V, 4," $300,000"," $136,333", Accident
Participant Media, 8, $0," $132,541", The Internet’s Own Boy: The Story o…
Cinema Tropical, 7, $0," $132,509", Alanis
Lightsource, 1, $0," $131,672", Proud American
Pak Films, 1, $0," $131,451", Robot Stories
Wildcat Releasing, 5, $0," $129,994", Tortilla Heaven
Paul Entertainment, 1, $0," $129,508", Never too Young to Die
Mac Releasing, 1, $0," $129,042", No Good Deed
Embrem Entertainment, 4, $0," $125,648", A Four Letter Word
SnagFilms, 5, $0," $125,526", Beware of Mr. Baker
SPEAKproductions, 1, $0," $125,380", Were the World Mine
Syfy Films, 2, $0," $124,852", Proyecto Lazaro
Noruz Films, 1, $0," $123,731", Chop Shop
Gigantic Pictures, 4, $0," $123,301", Flannel Pajamas
Newroz Films, 1, $0," $120,750", David & Layla
Illuminare, 5," $300,000"," $118,517", First Morning
4th Row Films, 3, $0," $117,470", Bisbee ‘17
Shoreline Entertainment, 1, $0," $116,390", 7 cajas
Insurgent Media, 1, $0," $116,037", Blank City
Bev Pictures, 2, $0," $113,849", Living in Emergency
BerKela Films, 1, $0," $113,730", Bra Boys
Pathe Contemporary Films, 4, $0," $112,356", La baie des anges
Gray Hat Productions, 1, $0," $112,332", Cat Daddies
GR Films, 1, $0," $112,313", Killing Kasztner
International Film Marketing, 3, $0," $110,995", Lune de miel
Non Fiction Films, 1, $0," $110,577", In the Face of Evil
Saboteur Media, 2, $0," $109,954", Korengal
Landmark Theaters, 2, $0," $108,071", Steve Jobs: The Lost Interview
Arclight Films, 2, $0," $107,588", Contracted
Four of a Kind Productions, 1, $0," $106,524", The Romantics
ARY Films, 1, $0," $105,401", Jawani Phir Nahi Ani
Life Sentence Films/m Tuckm…, 2, $0," $104,521", Crime after Crime
Laemmle/Zeller Film, 5, $0," $103,176", Down to the Bone
IndieVest Pictures, 1," $2,000,000"," $102,645", Saint John of Las Vegas
Motion Pictures Film and Te…, 1, $0," $102,541", Henry's Crime
Ignite Channel, 1, $0," $100,575", Twinsters
Great Point Media, 7, $0," $99,702", Where is Kyra?
Vaca Films, 1, $0," $98,046", Secuestrados
Green Griffin, 1, $0," $97,446", Welcome to 18
Newstyle Releasing, 2, $0," $96,314", Greetings from the Shore
International Film Exchange, 4, $0," $95,297"," Zamri, umri, voskresni!"
Gabriel's Messenger Films, 1, $0," $93,690", The Investigator
"Darin Southam Endeavor, Inc.", 1, $0," $93,224", Reign of Judges: Title of Liberty
Holt Hamilton, 2, $0," $92,386", Legends from the Sky
Truth Aid/Amplify, 1, $0," $91,841", Difret
Unstuck LLC, 1, $0," $91,302", Christmas Eve
Full Moon Features, 3, $0," $91,260", Evil Bong 3 The Wrath Of Bong!
Mangusta Productions, 3," $500,000"," $90,461", 2012: Time for Change
3DLive, 1, $0," $89,519", Max Winslow and the House of Secrets
Spark Entertainment, 2, $0," $89,169", Blindsight
Monica Beach Media, 1, $0," $88,500", Forks Over Knives
Le Petit Canyon Productions, 1, $0," $88,327", Jewtopia
S2BN, 1, $0," $87,674", Sing Your Song
Citadel, 1, $0," $86,858", ECCO
AK Entertainments, 1, $0," $86,709", Samajavaragamana
Telepathic Studios, 1," $9,000,000"," $85,527", Leaves of Grass
Lopert Pictures Corporation, 7," $747,000"," $84,407", La mariée était en noir 
Astrakan Releasing, 1, $0," $83,257", Lost Girls and Love Hotels
Franklin Media, 1, $0," $82,126", Cristo si è fermato a Eboli
Norador Productions, 1, $0," $81,883", My Mother Likes Women
Maxmedia/Endgame, 1, $0," $81,664", Sky Blue
Onyx Films, 1, $0," $79,627", Harvest of Empire
Liberty Street Films, 1, $0," $77,619", Money for Nothing: Inside the Federal…
Supergravity Pictures, 1, $0," $75,838", Gayby Baby
Hannibal Media, 1, $0," $74,441", The Lady of Heaven
Watch Releasing, 1, $0," $73,595", Conspiracy of Silence
Reel Source, 2, $0," $73,321", Kalamazoo?
Avalanche Releasing, 6, $0," $73,309", The Body
IronFlix, 1, $0," $73,115", The Wedding Party 2: Destination Dubai
Vanish Films, 1, $0," $72,791", Do Not Resist
Shella Films, 1, $0," $72,518", Unrest
Thunderstruck Films, 1, $0," $72,451"," Lord, Save Us From Your Followers"
Round Hill Media, 1, $0," $71,609", Cliffs of Freedom
Trinity Film, 3, $0," $70,637", Plot for Peace
ADV Films, 1, $0," $69,386", The Princess Blade
Stone Five Studios, 1," $250,000"," $67,665", Happy Valley
Illumine Films, 1, $0," $66,789", 3100: Run and Become
MyCinema, 5, $0," $65,424", Zeroville
Attitude Films, 3," $2,650,000"," $65,158", Une affaire de goût
Kria, 3, $0," $64,084", Apaharan
Sky Island, 4," $200,000"," $63,610", Side Effects
Pathfinder, 6, $0," $63,440", Gozu
Lurker Films, 1, $0," $62,900"," Love, Antosha"
Alliance Vivafilm, 1, $0," $61,337", Une vie qui commence
Pasidg Productions, 2, $0," $60,513", Hate Crime
Vanishing Angle Films, 2, $0," $60,438", Too Late
InterPositive Media, 1, $0," $60,332", Boogie Man: The Lee Atwater Story
Safier Entertainment, 2, $0," $57,856", Christmas Vs The Walters
Sidetrack Films, 1, $0," $56,386", Beautiful Losers
Barn Owl, 1, $0," $56,220", Saving Brinton
Eden Rock/Abramorama, 1," $1,400,000"," $56,073", Incident at Loch Ness
Fisher-Klingenstein Films, 2, $0," $55,722", OC87
Gorilla Factory, 1, $0," $55,398", That Man: Peter Berlin
Tyscot Manhaddon, 1, $0," $54,008", A Beautiful Soul
Tilapia Film, 1, $0," $53,471", Plagues and Pleasures on the Salton Sea
Kristin Marie Productions, 1, $0," $53,256", Farmageddon
Redheart Movies, 1, $0," $53,187", Dhamaka
In The Light Productions LLC, 1, $0," $53,134", Love Thy Nature
Present Pictures/Morning Kn…, 1," $200,000"," $52,443", Good Dick
Better World Distribution, 2, $0," $51,576", Blue Gap Boy'z
Troma Entertainment, 6," $1,375,000"," $51,573", The Toxic Avenger Part II
Audience Alliance, 1, $0," $50,076", Broken Hill
Spacey, 1, $0," $49,591", NOW: In the Wings on a World Stage
Economic Projections, 1, $0," $49,048", Assisted Living
SeeThink, 2, $0," $48,969", Alice Neel
Spit and Glue, 1, $0," $48,873", Martin and Orloff
Richmond Media Entertainment, 2, $0," $48,725", 3 Weeks in Yerevan
Soilsiu Films, 1, $0," $47,504", Young Plato
Faulkner-McLean Entertainment, 1," $10,000,000"," $47,305", Alabama Moon
Thread Cross Films, 1, $0," $47,243", Tibet: A Buddhist Trilogy
Wave Releasing, 1, $0," $47,071", Owl and the Sparrow
Lifesize Entertainment, 7," $120,000"," $45,847", American Cannibal
Lambert Releasing, 1, $0," $45,000", Greedy Lying Bastards
IFG, 2, $0," $44,938", Grand Champion
Rockstone Releasing, 2, $0," $44,931", Holla II
Waldo West Productions, 1, $0," $43,905", All Roads Lead Home
Tricycle Logic, 1, $0," $43,829", 1982
360 Distribution, 1, $0," $43,563", Take Me to the River: New Orleans
in8 Releasing, 2, $0," $43,500", 10E
Tallgrass Films, 1, $0," $43,170", Punch 9 for Harold Washington
North/South Pictures, 1," $600,000"," $42,557", Water & Power
B.D. Fox Independent, 1," $3,800,000"," $41,914", Down for Life
APD/Cinema Conservancy, 2, $0," $41,782", Stations of the Elevated
Five Points Media, 1, $0," $41,714", Commune
Joma Films, 1, $0," $41,111"," Phoenix, Oregon"
Skylight Pictures, 1, $0," $40,726", Granito: How to Nail a Dictator
Shotown Pictures, 1, $0," $40,508", CornerStore
Reliance/LoveStreaks, 1, $0," $40,289", Controlled Chaos
Jujitsu Films, 1, $0," $39,895", Justice
Bramacharia LLC, 1, $0," $39,457", Boy Meets Girl
Showtime Original, 2, $0," $39,347", Prophet’s Prey
Women Make Movies, 2," $300,000"," $39,277", Sisters in Law
New Love Films, 1, $0," $39,081", Yiddish Theater: A Love Story
Revolver Entertainment, 3," $1,000,000"," $38,933", Special
Phase 4 Films Sameul Goldwy…, 2, $0," $38,856", The Short Game
Invincible Pictures, 2," $5,000,000"," $38,767", Yoga Hosers
Wayward Entertainment, 1, $0," $38,593", God is a Bullet
The World According to Shorts, 1, $0," $38,382", Nine Nation Animation
108 Pics, 1, $0," $38,261", When Harry Tries to Marry
Mass Movie Makers, 1, $0," $37,131", Baby
Artiztical Entertainment, 1, $0," $37,072", Eating Out 2: Sloppy Seconds
Romulus Entertainment, 1, $0," $37,012", Georgetown
Strike Back Studios, 1, $0," $36,706", Spirit Halloween: The Movie
Film Philos, 1, $0," $36,608", Man Push Cart
Every Tribe Entertainment, 1, $0," $36,412", Beyond the Gates of Splendor
International WOW, 1, $0," $36,386", How to Let Go of the World and Love A…
Eve Productions, 1, $0," $36,122"," Faster, Pussycat! Kill! Kill!"
Westport International, 1, $0," $36,089", Le Corbeau
Cavalier Films, 1, $0," $34,068", Familiar Strangers
GA2 Pictures, 2, $0," $33,054", 18 Pages
Dark Forest Releasing, 1, $0," $32,833", Smile
Metropole Films Distribution , 1, $0," $32,457", Roméo Onze
Stage 6 Samuel Goldwyn Films, 1, $0," $32,303", Cold Comes the Night
Testimony Pictures, 1," $160,000"," $32,092", The Calling
Morning Star Pictures, 1, $0," $31,858", In My Sleep
Unified Pictures, 3, $0," $31,806", Maximum Impact
Mutiny Pictures, 7, $0," $31,580", Equal Standard
Adventure Entertainment, 9, $0," $31,318", The Longest Wave
Double J Productions, 1, $0," $30,801", Sparks: The Ken Sparks Story
Not That Kind of Movie Prod…, 1, $0," $30,796", Counter Column
"Documented Film, LLC", 1, $0," $30,662", Documented
Joule Films, 1, $0," $30,655", Hide Away
Screen Scene Media Entertai…, 1, $0," $30,551", Agilan
Steelyard Pictures, 1, $0," $30,444", The Power of Few
Resident Artist, 1, $0," $30,168", Paul Taylor Creative Domain
Mypheduh Film, 1, $0," $30,071", Teza
Cinipix, 1, $0," $29,863", Long Shot: The Kevin Laue Story
Lucid Inc, 1, $0," $29,736", Uncertain
Prism Entertainment, 1, $0," $29,565", Bye Bye Baby
Viz Pictures, 3, $0," $29,500", Kamikaze Girls
Metrograph Pictures, 4, $0," $29,101", Heung Gong jai jo
Moving Visions Entertainmen…, 1, $0," $28,951", A Long Way Off
IM Global/Blumhouse, 1," $2,000,000"," $28,864", Plush
Swapna Cinema, 1, $0," $28,813", Anni Manchi Sakunamule
Artigo Ajemian Films, 1, $0," $28,336", BoyBand
MTV Documentary Films, 8, $0," $28,184", Ascension (登楼叹)
Fleetwood Films, 1, $0," $27,723", Senso
Trela, 1, $0," $27,052", Guest of Cindy Sherman
"Safari Media, LLC", 1, $0," $26,859", Abduction: The Megumi Yokota Story
Newmark/Echelon Ent., 1, $0," $26,642", A Fish Without a Bicycle
Rumur, 2, $0," $26,507", All the Rage (Saved by Sarno)
Driving With Our Eyes Shut, 4, $0," $26,456", Midget Zombie Takeover
Echo Bridge, 5, $0," $26,421", The Pirates Of Somalia
Xenon Pictures, 3, $0," $26,368", 7 días
Rooftop Films, 3, $0," $25,938", Battle for Brooklyn
Variance Films/Syndicado, 1, $0," $25,866", Elena
25th Frame, 1, $0," $25,855", The Dog Wedding
New American Vision, 1, $0," $25,846", Eyes Wide Open
Indie Rights, 77, $0," $25,579", First Love
Burning Bridges, 1, $0," $25,484", The Ballad of Shirley Collins
Hiltz Squared, 1, $0," $25,450", The Worst Movie EVER!
Cinebella Entertainment, 1, $0," $25,049", Agni Varsha
Orrange Studioz, 1, $0," $24,411", Yaaran Da Rutbaa
Area23a/FilmBuff, 1, $0," $24,387", Red Obsession
Kino Classics, 1, $0," $24,187", Matrimonio all'italiana
Riot Studios, 1, $0," $23,689", Believe Me
Abundantia Entertainment, 1, $0," $23,634", Neeyat
The Movie Partners, 1," $600,000"," $23,616", Arnolds Park
Idle Wild Films, 2, $0," $23,126", The Judge
Picture Park, 1, $0," $23,095", On Broadway
Honora Productions, 2," $1,000,000"," $23,047", Hits
Quixotic Media, 1, $0," $22,938", Islam: What the West Needs to Know
Cabin Films, 1, $0," $22,539", The Other City
Best & Final Releasing, 1, $0," $22,364", Dinner in America
Howling Wolf Productions, 1, $0," $22,307", Tar
Unison Films, 1, $0," $22,251", The Elephant King
Dinsdale Releasing, 2, $0," $21,946", The Manson Family
MCR Releasing, 1, $0," $21,489", Expired
Infantry Pictures, 1, $0," $20,977", Tu Hovein Main Hovan
"Ghosts Media, Inc.", 1, $0," $20,709", The Ghosts in Our Machine
Film Forum, 4, $0," $20,488", Ezra
Plymptoons, 2, $0," $20,419", Cheatin'
America Saga Releasing, 1, $0," $20,300", The Genesis Code
Row House Cinema, 2, $0," $20,000", Quarantine Cat Film Fest
PFM, 1, $0," $19,982", Lust och fägring stor
Shine Screens, 1, $0," $19,857", Ugram
Schwarzsmith & Taskovski, 1, $0," $19,662", Czech Dream
The Film Collective, 2, $0," $19,627", Torn
Britdoc Films, 1, $0," $19,531", While We Watched
Sky Harbor Basement, 1, $0," $19,257", Orwell Rolls in His Grave
Comworld, 4, $0," $19,225"," Soggy Bottom, U.S.A."
House Lights Media, 1, $0," $19,186", Language of a Broken Heart
People Pictures, 1, $0," $19,137", The People I've Slept With
Mondo Paradiso Films, 1, $0," $19,016", Seoul Searching
Pocket Releasing, 1, $0," $18,445", Itty Bitty Titty Committee
El Tigre Productions, 1, $0," $18,399", 306 Hollywood
American World Pictures, 1, $0," $18,215", Hope & Redemption: The Lena Baker Story
WRA Productions LLC, 1, $0," $18,051", Holy Hell
Artists Public Domain/Cinem…, 1, $0," $17,992", Jamel Shabazz: Street Photographer
Factory 25, 25, $0," $17,983", All This Panic
Phantom Films, 1, $0," $17,934", Tere Bin Laden Dead or Alive
Wolfe Twenty, 1, $0," $17,625", The New Twenty
Check Entertainment Distrib…, 1, $0," $17,107", InSight
SpectraFilm, 2, $0," $16,785", Smooth Talk
Mongrel Media, 1, $0," $16,779", You Can Live Forever
Arab Film Distribution, 8," $37,500"," $16,353"," Peace, Propaganda and the Promised Land"
Slamdance on the Road, 3, $0," $16,265", Faster
Producers Releasing Corpora…, 1, $0," $16,172", Detour
Off-Hollywood Distribution, 2," $1,051,500"," $16,137", The Work and the Story
Captured Films, 1, $0," $16,136", Look
Monogram Pictures, 5, $0," $15,792", The Queen of Spades
Palo Alto Pictures, 1, $0," $15,679", People Say I'm Crazy
Vagrant Films, 4, $0," $15,547", Eternity: The Movie
600 West, 1, $0," $15,425", Quiet City
Tripod Media, 1, $0," $15,241", People’s Republic of Desire
Star Cinema, 2, $0," $15,051", Labyu with an Accent
"Time and Tide Productions, …", 1, $0," $15,000", Far Too Far
Humble Motion Pictures, 1, $0," $14,884", Criminal
HP Releasing, 1, $0," $14,804", Shem
Cafe Pictures, 1," $12,000,000"," $14,616", 10 Days in a Madhouse
Atopia, 1, $0," $14,389", A Silent Love
Cockeyed Caravan, 1, $0," $14,305", A Tale of Two Pizzas
Secret Identity Productions, 1, $0," $14,057", 6 Month Rule
Margin Films, 3, $0," $13,937", Ethan Mao
Sakthi Film Factory, 1, $0," $13,725", Veeran
Four Eyed Monsters, 1, $0," $13,523", Four Eyed Monsters
Pillen's Farm Pictures, 1, $0," $13,500", Sophomore
Anderson Digital, 2, $0," $13,385", War of the World's Goliath
Cinemation Industries, 3, $0," $13,139", Stavisky
7A Productions, 1, $0," $13,093", The Trouble With Bliss
Whole Hog Films, 1, $0," $13,028", Storm Lake
FlyRock Media, 1, $0," $12,891", My Son
FilmDemic, 1, $0," $12,620", I'm Not Jesus Mommy
Lumpy Rock, 1, $0," $12,405", A Halfway House Christmas
Mile End Films, 1, $0," $12,306", Full Battle Rattle
Fork Films, 3, $0," $12,267", The Armor Of Light
"Touch the Wall, LLC", 1, $0," $12,156", Touch the Wall
Breakthrough Entertainment, 1, $0," $12,049", I’ll Take Your Dead
Stand Up Films, 1, $0," $12,010", I'll Believe You
41 Inc., 1, $0," $12,000", Vice
High Cotton Films, 1, $0," $11,975", All Babes Want to Kill Me
Sumbadhat Productions, 3, $0," $11,936", The Bride & The Grooms
Argentum Entertainment, 1, $0," $11,895", New Life
Aliquot Films, 1, $0," $11,799", Chelsea on the Rocks
The Little Film Company/Dad…, 1, $0," $11,711", White Wedding
MSK Productions, 1, $0," $11,581", American Streetballers
Waterdog Films, 1," $1,000,000"," $11,574", 16 to Life
Sony/BMG, 1, $0," $11,550", East of Havana
Cinema Epoch, 8, $0," $11,500", The Perfect Sleep
Mandt Brothers, 1, $0," $11,340", Last Stop for Paul
Cinema Four, 2, $0," $11,228", Cuba: Island of Music
Icon Film Distribution, 2, $0," $11,190", The Black Balloon
The Kids Are Alright Produc…, 1, $0," $11,183", Children of Invention
Psychic Girls, 1, $0," $11,089", Winning Girls Through Psychic Mind Co…
"Shoot First, Inc.", 1, $0," $11,021", Pay 2 Play: Democracy’s High Stakes
Newport Films, 2, $0," $11,001", The Conrad Boys
All Rise Films, 1, $0," $10,942", The Two Escobars
PHC Films, 1, $0," $10,933", Chunky Shrapnel
Lexis Partners, 1, $0," $10,748", 2022 League of Legends World Champion…
Silver Plane Films, 1, $0," $10,629", One More Round
Mochary Films, 1, $0," $10,565", Favela Rising
Coconut Movies, 1, $0," $10,438", Bushirt T-shirt
Autlook Films, 1, $0," $10,422", The Forecaster
Amor Media, 1, $0," $10,298", Painted Woman
7th Empire Media, 1, $0," $10,236", Coded Bias
Broken Twig Productions, 1, $0," $10,174", Hijacking Hollywood
Tara Releasing, 1, $0," $10,171", Black Is…Blanc Ain’t
Mirror Images Ltd, 2, $0," $10,104", Beta Test
City Drive Films, 1, $0," $10,021", The Life and Mind of Mark DeFriest
Kicking and Screening Media, 1, $0," $9,966", Foosballers
Arthur Davis Associates, 2, $0," $9,934", Olivia
Bonfire Films of America, 1, $0," $9,796", Caucus
Facets, 2, $0," $9,696", Kamikaze Hearts
Mind the Gap, 1, $0," $9,496", Mind the Gap
Waltair Productions, 1, $0," $9,492", Pareshan
Hombale Films, 1, $0," $9,416", Dhoomam
Random Media, 8, $0," $9,386", Let's Get Frank
Diversa Films, 1, $0," $9,344", Skid Marks
Vanguardia Films, 1, $0," $9,338", 200 Cartas
Gemelli Productions, 1, $0," $9,244", What Happened Last Night
People Media Factory, 1, $0," $9,240", Rama Banam
Atlas Media Group, 1, $0," $9,166", Robert Blecker Wants Me Dead
FilmMates Partners, 2, $0," $9,064", Living Life
PlanePlanet Pictures, 1, $0," $8,868", From the Journals of Jean Seberg
Red Dirt Pictures, 1, $0," $8,752", Reparation
Lafayette Films, 1, $0," $8,443", Battle for Haditha
Laufer Films, 1, $0," $8,370", Christmas at Maxwell's
D Street Releasing, 2, $0," $8,340", Summer in Berlin
Sony/Triumph, 1, $0," $8,259", Zombie Strippers
Fox Meadow, 1," $989,000"," $8,158", And Then Came Love
The Talking Pictures Company, 1, $0," $8,030", Reunion
Iron Man Distr, 1, $0," $8,025", The Iron Man
Ford Films, 1, $0," $8,000", The Piccadilly Cowboy
KanadéFilms, 1, $0," $7,790", Crd
Microangelo Entertainment, 1, $0," $7,763", Zerophilia
Minds Eye International, 3, $0," $7,504", Daughter of the Wolf
26 Aries, 1, $0," $7,500", The Lost Arcade
The Disinformation Co., 1, $0," $7,451", The Cult of the Suicide Bomber
Highland Film Group, 1, $0," $7,427", Jiu Jitsu
Real Bean Entertainment, 1, $0," $7,137", Logan
Andes Film Company, 1, $0," $7,123", Mendy - A Question of Faith
JSenko Productions, 1, $0," $7,028", The Brainwashing of My Dad
Reel Peak Films, 1, $0," $6,967", Tantura
Yashoda Films, 1, $0," $6,859", FULBARI
The Documentary Group, 1, $0," $6,795", Operation Homecoming
Kanbar Entertainment, 1, $0," $6,793", Lifelines
Carpe Stella, 1, $0," $6,756", Calling All Earthlings
Wintersea Films, 1, $0," $6,728", The Afterlight
Liberation Entertainment, 1, $0," $6,627", Take
Brink Film, 1, $0," $6,607", The Last New Yorker
RFT Films Ltd, 1, $0," $6,528", Christy
Afterlight Pictures, 3, $0," $6,523", Blood Ties
Bomnae Films, 1, $0," $6,522"," Autumn, Autumn"
Radio London Films, 1, $0," $6,404", Ten 'Til Noon
SP Releasing, 4, $0," $6,180", Behold my Heart
Atlantik Films, 1, $0," $6,176", Bes Vakit
Linn Productions, 1, $0," $6,109", Imprint
Summit Pictures, 2, $0," $6,007", Best F(r)iends: Volume One
World Wide Motion Pictures, 3, $0," $6,000", Red Roses and Petrol
VMI Worldwide, 7, $0," $5,887", The Crusades
Winter Star Entertainment, 1, $0," $5,673", Midnight Reckoning
Candy Factory Films, 3, $0," $5,654", This Isn't Funny
Putnam Square Films, 1, $0," $5,633", Série noire
Goodface Films, 1, $0," $5,588", The Quitter
HB Filmworks, 2, $0," $5,442", George Bush Goes to Heaven
Sandalwood Geleyara Balaga, 1, $0," $5,441", Lucky Man
Baxter Brothers, 1, $0," $5,418", Flex is Kings
King’s Road Entertainment, 1, $0," $5,274", When the Wind Blows
B3M Creations, 1, $0," $5,256", Madhura Manohara Moham
Hanover Multimedia, 1, $0," $4,950", SBK The-Movie
CameraPlanet/Discovery, 1, $0," $4,920", With All Deliberate Speed
Reel One Entertainment / Su…, 2, $0," $4,810", Blackhats
Frontier, 1, $0," $4,779", Street Fight
Big Fat Movies, 1," $3,000,000"," $4,655", My Big Fat Independent Movie
Crescendo House Films, 1, $0," $4,501", Labyrinth of Cinema (海辺の映画�…
"rCryptoCurrency, LLC", 1, $0," $4,470", Monero Means Money: Cryptocurrency 10…
Republic Pictures, 11, $0," $4,439", Wake of the Red Witch
GM Film Corporation, 1, $0," $4,415", Bakasuran
"Eliot Lives Productions, LLC", 1, $0," $4,345", Twisted: A Balloonamentary
Milestone, 2, $0," $4,294", My Brother's Wedding
Humble Pie Films, 1, $0," $4,227", Fancypants
Trinity Creative, 1, $0," $4,096", An Impossible Project
Hybrid Pictures, 1, $0," $4,080", Silver Circle
The Nobility Project, 1, $0," $4,000", Building Hope
Ohio Street Pictures, 1, $0," $4,000", Things Never Said
Lonely Seal Releasing, 1, $0," $3,934"," The Cop, the Criminal and the Clown"
A-Mark Entertainment, 1, $0," $3,849", Camille
Dark Frames, 1, $0," $3,778", Unfreedom
Swadharm Entertainment, 1, $0," $3,756", Masooda
Comedy Dynamics, 3, $0," $3,727", Charlotte a du fun: Charlotte has fun
Minority Films, 1, $0," $3,724", This Divided State
Scarlet Sky Productions, 1," $200,000"," $3,648", The Word
Plastic Age Productions, 1," $40,000"," $3,632", Raymond Did It
Seneca International, 1, $0," $3,611", Yojimbo
Rana Productions, 1, $0," $3,560", Laththi
Hibernation Films, 1," $27,000"," $3,547", Emily
Brothers' Ink Productions, 1," $300,000"," $3,496", Locker 13
Industrial House Films, 1," $2,100,000"," $3,330", Mi America
Achayan’z Film House, 1, $0," $3,294", Maheshum Marutiyum
Cinevista, 2, $0," $3,151", Caravaggio
Midwest Movies, 4, $0," $3,140", Balls to the Wall
Velvet Film, 1, $0," $3,000", Assistance mortelle
Circle Collective, 3, $0," $3,000", Project Space 13
Lyca Productions, 1, $0," $2,859", Raangi
Rogue Arts, 1, $0," $2,841", Three Days of Rain
Magic Frames, 1, $0," $2,550", Thuramukham
RMH Media/Dominion Entertai…, 1, $0," $2,509", Swing
Carnivalesque Films, 1, $0," $2,500", Mardi Gras: Made in China
Kaleidoscope Pictures, 4, $0," $2,500", Believe
Inyo Entertainment, 1, $0," $2,466", Neither Wolf Nor Dog
Amplify/Starz Digital Media, 1, $0," $2,455", Champs
"Southern Sykos Productions,…", 1, $0," $2,415", Horror Nights
Magic Lantern, 2, $0," $2,358", Porfirio
Westar Distributions, 1, $0," $2,358", A Sensible Obsession
Bullz Eye, 2, $0," $2,268", Divine Intervention
Artsploitation, 2, $0," $2,250", Red Christmas
Plexifilm, 1, $0," $2,227", Moog
Reacter 88 Studios, 1, $0," $2,207", InSpectres
Anchor Bay/WWE Studios, 1, $0," $2,191", Road to Paloma
Movin' Picture Studios, 1, $0," $1,990", The Surfer King
Cinema Con Sabor, 1," $10,000"," $1,987", On the Downlow
Garvity Arch, 1, $0," $1,872", Bad Blood
JeTi Films, 2," $11,000"," $1,863", Grip: A Criminal's Story
Lumiere Productions, 1, $0," $1,806", With God on Our Side
Zell-Koj Studio, 1, $0," $1,739", Dark Forest
Left of Center Entertainmen…, 1, $0," $1,626", Truth
Elevation Pictures, 1, $0," $1,606", Indian Horse
Cineville, 1, $0," $1,600", Steal Me
KRG Studios, 1, $0," $1,575", Shivaji Surathkal 2
Blackbox Film & Media, 1, $0," $1,508", A German Life
Wild Eye Releasing, 2, $0," $1,498", A Floresta das Almas Perdidas
Dove Entertainment, 1, $0," $1,406", Inside the Goldmine
Mythri Movie Makers, 3, $0," $1,398", Ranga Maarthaanda
Maverick Entertainment, 1, $0," $1,292", Once Upon a Time in the Hood
End of All Cinema, 1, $0," $1,262", Frog-g-g!
Capitol Films, 1, $0," $1,260", Incendiary
Antidote Fims, 1, $0," $1,200", Meet the Wallers
M Star International, 1, $0," $1,107", Hai Tang Hong
Kathi Arts, 1, $0," $1,042", Shwaas
Apna Ghar, 1, $0, $937, Padma Shri Kaur Singh
Gunnison Galaxy, 1, $0, $903, Misfortune
Curb/Esquire Films, 1, $0, $898, Wishman
Cinevolve Studios, 2, $0, $894, 12 in a Box
Oilrag Productions, 1, $0, $831, Doing Time for Patsy Cline
The Daily Wire, 1, $0, $804, Terror on the Prairie
E1 Films, 1, $0, $500, Daydream Nation
Screenvision Media, 2, $0, $408, Hello Again
Lavender House Films, 1," $10,000", $401, The Rise and Fall of Miss Thang
Cinelicious Pics, 3, $0, $362, Dark Night
Dow Jazz Films, 1, $0, $267, Love by Drowning
Red Giant Movies, 1, $0, $136, Sembi
The Ashton Times, 1, $0, $130, First Signal
Grindstone Entertainment, 12," $500,000", $111, Vault
Flyhigh Cinemas, 1, $0, $60, MenToo
The American Film Company, 3, $0, $54, Against the Sun
Showcase Films, 1, $0, $21, Parde Mein Rehne Do
Karthik Movie House, 1, $0, $12, Paayum Oli Nee Yenakku
Times Film Corporation, 1, $0, $10, Eva
Flying Zebra Films, 1, $0, $0,
Bangor Films, 1, $0, $0,
TLC Films, 1, $0, $0,
Matter Productions, 1, $0, $0,
Profile Entertainment, 1, $0, $0,
Old Post Films, 1, $0, $0,
Miracle Mile Films, 1, $0, $0,
CTE, 1, $0, $0,
Sony/Screen Gems, 1, $0, $0,
Imperia Entertainment, 1, $0, $0,
Garlin Pictures, 1, $0, $0,
Karma Films, 1, $0, $0,
Epoch/Pathfinder, 1, $0, $0,
Kidtoon Films, 2, $0, $0,
New Visions Fellowship, 1, $0, $0,
Whitewater Films, 1, $0, $0,
"Fat Films, LLC", 1, $0, $0,
Just Vision, 1, $0, $0,
Hannari Geisha Modern, 1, $0, $0,
At Risk Films, 1, $0, $0,
Iranian Film Society, 1, $0, $0,
Right Brained Releasing, 1, $0, $0,
Kosmic Films, 2, $0, $0,
Moderncine, 1, $0, $0,
AV Productions, 1, $0, $0,
Jung'n'Restless Films, 1, $0, $0,
Red Envelope, 1, $0, $0,
Amadeus Pictures, 1, $0, $0,
Mello Releasing, 1, $0, $0,
National Lampoon Distr., 2, $0, $0,
Media Education Foundation, 1, $0, $0,
Lifeline Entertainment, 1, $0, $0,
Resonance Pictures, 1, $0, $0,
Terra Entertainment, 1, $0, $0,
Creative Differences, 1, $0, $0,
Dokument Films, 1, $0, $0,
Sven Kahn Films, 1, $0, $0,
Pureland Pictures, 1, $0, $0,
Lightning Media, 2, $0, $0,
Bharat, 1, $0, $0,
Axis Company, 1, $0, $0,
Jonathan Blitstein Enterprises, 1, $0, $0,
Bleiberg Entertainment, 1, $0, $0,
Paul Devlin Productions, 1, $0, $0,
LG Entertainment Group, 1, $0, $0,
Here Films, 1, $0, $0,
RP Entertainment, 1, $0, $0,
Next Page Productions, 1, $0, $0,
Mainline Releasing, 1, $0, $0,
Concentrated Distribution, 1, $0, $0,
Original 4 Releasing, 1, $0, $0,
Iaba Films, 1, $0, $0,
Team Effort, 1, $0, $0,
"Last Night, LLC", 1, $0, $0,
San Simion Films, 1, $0, $0,
The Desert of Forbidden Art…, 1, $0, $0,
Reboot Media, 1," $2,600,000", $0,
Codex Pictures, 1," $8,900,000", $0,
RealD, 1, $0, $0,
Oakhurst Pictures, 1, $0, $0,
Bigfoot Ascendant, 2, $0, $0,
Paralux Productions, 1, $0, $0,
Crowd Starter, 1, $0, $0,
Satori, 2, $0, $0,
Clear Compass Media, 1, $0, $0,
Process Sudio Theatre, 1, $0, $0,
Exhibit A Pictures, 1, $0, $0,
Jeff Lipsky, 1, $0, $0,
LLeju Productions, 1, $0, $0,
Cross Cultural Entertainment, 1, $0, $0,
Paradigm, 1, $0, $0,
The Collective, 3, $0, $0,
Microcinema International, 1, $0, $0,
IndiePix, 1, $0, $0,
Nancy Fishman Releasing, 1, $0, $0,
Golf in the Kingdom, 1, $0, $0,
Films Transit, 1, $0, $0,
Green Planet Productions, 2, $0, $0,
Centro de Capacitación Cin…, 1, $0, $0,
Initiate Productions, 1, $0, $0,
WWE Studios, 3, $0, $0,
W2 Media, 1, $0, $0,
Verdi Productions, 1, $0, $0,
D & E Entertainment, 4, $0, $0,
Lightning Entertainnment, 2, $0, $0,
Vanguard Cinema, 2, $0, $0,
Roam Films, 1, $0, $0,
Giant Flick Films LLC, 1, $0, $0,
Ask Around Entertainment, 1, $0, $0,
Eagle One Media/iFN, 1, $0, $0,
Artland, 1, $0, $0,
Angry Monkey Entertainment, 1, $0, $0,
African-American Film Festi…, 1, $0, $0,
PhD, 1, $0, $0,
Film Fatale, 1, $0, $0,
MVP Films, 1, $0, $0,
A & E Indie Films, 1, $0, $0,
BlinkWorks Media, 1," $100,000", $0,
Kushi Films, 1, $0, $0,
All Cash Productions/Archst…, 1, $0, $0,
First Pond Entertainment, 2, $0, $0,
Fever Productions, 1, $0, $0,
WG Films, 1, $0, $0,
Village Arts Pictures, 1, $0, $0,
Winning Edge Pictures, 1, $0, $0,
CLJ Films, 1, $0, $0,
Digital Magic Entertainment, 1, $0, $0,
TODpix, 1, $0, $0,
Gut Productions, 1, $0, $0,
Inception Media Group, 2, $0, $0,
Four Reel Films, 1, $0, $0,
Appleseed Entertainment, 1, $0, $0,
SModcast, 1, $0, $0,
Barnholtz Entertainment, 2, $0, $0,
Bad Kids Productions, 2, $0, $0,
Outcast Films, 1, $0, $0,
Blenheim Films, 1, $0, $0,
Independent Pictures/Entert…, 1, $0, $0,
Lipstick Pictures, 1, $0, $0,
VICE Films Snoopadelic Films, 1, $0, $0,
Ruth Diskin Films, 1, $0, $0,
Mactavish Pictures, 1, $0, $0,
Hole in the Wall Productions, 1, $0, $0,
Cinemark, 1, $0, $0,
Epix, 1, $0, $0,
Regal Entertainment, 2, $0, $0,
R-Squared Films, 1, $0, $0,
Horse Pictures, 1, $0, $0,
Alma Films, 1, $0, $0,
Drag City Film Distribution, 1, $0, $0,
Follow Your Nose, 1, $0, $0,
Leeden Media, 1, $0, $0,
Modern Distributors, 1, $0, $0,
Kreate Films, 1, $0, $0,
Active Fox Productions, 2, $0, $0,
Fingerprint Films, 1, $0, $0,
"GoDigital, Inc.", 2, $0, $0,
New Chapter Productions, 1, $0, $0,
Gaiam Vivendi Entertainment, 1, $0, $0,
Deep Studios, 2, $0, $0,
Wunderkind Pictures, 1, $0, $0,
Diggit Pictures, 1, $0, $0,
Shapkorn Birgade, 1, $0, $0,
Fern Films, 1, $0, $0,
Candor Entertainment, 1, $0, $0,
One Village Entertainment/R…, 1, $0, $0,
Devolver Digital Films, 1, $0, $0,
Artis Entertainment, 1," $50,000", $0,
Cinereach, 1, $0, $0,
Sideshow Releasing, 1, $0, $0,
Liberty Studios, 1, $0, $0,
Act Zero Films, 1, $0, $0,
American Experience Films, 1, $0, $0,
Quadratic, 1, $0, $0,
Green Step Productions/Grav…, 1, $0, $0,
Radar Studios, 1, $0, $0,
Insomniac/Focus Features, 1, $0, $0,
Videocine, 1, $0, $0,
Cornith Films, 1, $0, $0,
FilmBuff / Dada Films, 1, $0, $0,
A71 Entertainment, 6, $0, $0,
"Purdie Distribution, Excel …", 1, $0, $0,
Medient, 1, $0, $0,
Cedar Fort Entertainment, 1, $0, $0,
DigiNext, 3, $0, $0,
Tribeca Film / Well Go USA, 1," $5,000,000", $0,
Fluency Studios, 1, $0, $0,
Sovereignty Productions, 1," $800,000", $0,
Parkside Releasing, 2, $0, $0,
Morocco Junction Pictures, 1," $2,000,000", $0,
Abromarama/Vimeo, 2, $0, $0,
108 Media, 5, $0, $0,
Soda Pictures, 1," $26,000,000", $0,
Strasson Group, 2, $0, $0,
Plainview Pictures, 1, $0, $0,
Stage 6 Films/Vertical Ente…, 1, $0, $0,
Young Medium, 1, $0, $0,
Alaska Film LLC, 1, $0, $0,
Vice Media, 1, $0, $0,
Midnight Releasing, 1, $0, $0,
Blue Trail Entertainment, 1," $175,000", $0,
Awesomeness Films, 1, $0, $0,
Array Releasing, 9, $0, $0,
Syndicado, 1, $0, $0,
Sweet Unknown Studios, 1, $0, $0,
Green Apple Entertainment, 1, $0, $0,
Passion River, 11, $0, $0,
Serafini Pictures, 1, $0, $0,
ZCDC, 1, $0, $0,
Marvista Entertainment, 5," $500,000", $0,
TriCoast Worldwide, 9, $0, $0,
Indelible Films, 1, $0, $0,
Stoutlight Incorporated, 1, $0, $0,
MVD Entertainment, 3, $0, $0,
Guerilla Films, 1, $0, $0,
Forager Films, 1, $0, $0,
4 Features Film Company, 1, $0, $0,
Dalton Pictures , 1, $0, $0,
Violet Crown Films, 1, $0, $0,
Swing State Film Productions, 1, $0, $0,
Vetter Brothers Filmworks, 1, $0, $0,
Cinemaflix, 3, $0, $0,
Cinema Paradiso, 1, $0, $0,
TomCat Films, 1, $0, $0,
Ubiquimedia, 1, $0, $0,
Bow and Arrow Entertainment, 1, $0, $0,
White Pine Pictures, 1, $0, $0,
Pacific Northwest Pictures, 1, $0, $0,
Anthology Film Archives, 3, $0, $0,
Provocator, 1, $0, $0,
Redwood Creek Entertainment, 1, $0, $0,
Real Women Make Waves, 1, $0, $0,
Skinfly Entertainment, 1, $0, $0,
50 Eggs Inc, 1, $0, $0,
Votiv Films, 1, $0, $0,
Go2Films, 1, $0, $0,
Maven Entertainment, 1, $0, $0,
Grey Lady, 1, $0, $0,
Sarkasmos Productions , 1, $0, $0,
Arcadia Releasing Group, 1, $0, $0,
Adler & Associates, 3, $0, $0,
Virgil Films, 3," $200,000", $0,
Ryan Bruce Levey Film Distr…, 1, $0, $0,
Thier Productions, 1, $0, $0,
Instrum International, 2, $0, $0,
Imagination Worldwide, 3, $0, $0,
Hybrid Entertainment, 1, $0, $0,
Indieflix, 1, $0, $0,
Shoe Box Money LLC, 1, $0, $0,
East Village Entertainment, 1, $0, $0,
Global Digital Releasing, 4, $0, $0,
HT Pictures, 1, $0, $0,
Carl Jackson Entertainment, 11," $32,500,000", $0,
Tandem Pictures, 1, $0, $0,
First National Pictures, 3, $0, $0,
Millennium Films, 3, $0, $0,
Newcity, 1, $0, $0,
Obscured Pictures, 1, $0, $0,
Future Film Corporation of …, 1, $0, $0,
Well.Org, 1, $0, $0,
Cargo Film & Releasing, 3, $0, $0,
Cinerama, 16, $0, $0,
King Flex Entertainment, 5, $0, $0,
Fries Distribution Company, 2, $0, $0,
V-L-S-E, 1, $0, $0,
Hydro Studios, 1, $0, $0,
Hollywood Independents, 1, $0, $0,
Zorya Films, 1, $0, $0,
Journeyman Pictures, 2, $0, $0,
Entertainment International…, 1, $0, $0,
Bandai Entertainment, 1, $0, $0,
Filmchella, 1, $0, $0,
NAI Entertainment, 1, $0, $0,
2B Films, 2, $0, $0,
Arena Cinelounge, 1, $0, $0,
U.S. Films, 1, $0, $0,
World Northal, 4, $0, $0,
United International Pictures, 1, $0, $0,
Europix International, 1, $0, $0,
House of Film, 1, $0, $0,
Cinema Village, 1, $0, $0,
Cambist Films, 3, $0, $0,
Black Sheep Stew, 1, $0, $0,
Film Chest Media Group, 1, $0, $0,
Dread Central, 5, $0, $0,
Two Roads, 1, $0, $0,
Different Drummer, 1, $0, $0,
SunWorld Pictures, 1, $0, $0,
Patriot Releasing, 1, $0, $0,
Cinema National, 1, $0, $0,
N.M.D. Film Distribution Co…, 1, $0, $0,
New American Films, 1, $0, $0,
Skyline Entertainment, 1, $0, $0,
Scotia American, 4, $0, $0,
Conglomerate Media, 1, $0, $0,
Darkcoast, 1, $0, $0,
R3M USA, 1, $0, $0,
Kandoo Releasing, 3, $0, $0,
The Filmgroup, 1, $0, $0,
Glass House Distribution, 6, $0, $0,
North of Two, 1, $0, $0,
Forrest Films, 1, $0, $0,
Hulu, 1, $0, $0,
Kew Media Group, 1, $0, $0,
XLI41, 1, $0, $0,
21st Century Distribution, 2, $0, $0,
Arbelos Films, 1, $0, $0,
Malibu Bay Films, 4, $0, $0,
Independent-International P…, 3, $0, $0,
RYOT, 1, $0, $0,
Eagle Films, 2, $0, $0,
The American Film Theater, 1, $0, $0,
Brazos Films, 2, $0, $0,
Brat, 1, $0, $0,
U-M Film Distributors Inc., 2, $0, $0,
Sector 5 Films, 1, $0, $0,
"American Continental Films,…", 3, $0, $0,
ABC Pictures International, 2, $0, $0,
Mailer Tuchman Media, 1, $0, $0,
British International Pictures, 2, $0, $0,
Shochiku Films of America, 1, $0, $0,
Associated Artists Productions, 2, $0, $0,
Distributors Corporation of…, 2, $0, $0,
The Wynn Network, 1, $0, $0,
Apple TV+, 2, $0, $0,
High Octane Pictures, 1, $0, $0,
Artists Rights Distribution, 2, $0, $0,
Rock Studios, 1," $1,200,000", $0,
Fairway International Pictures, 1, $0, $0,
Cine Artists Pictures, 2, $0, $0,
Chevron Pictures, 1, $0, $0,
The End Productions, 1, $0, $0,
Maysles Film, 1, $0, $0,
New City Releasing, 1, $0, $0,
FanForce, 1, $0, $0,
Carolco, 1, $0, $0,
Krypton Films, 1, $0, $0,
Ufa Film Company, 1, $0, $0,
International Cine Film Cor…, 1, $0, $0,
Howard Mahler Films, 3, $0, $0,
Pacemaker Pictures, 1, $0, $0,
Joseph Brenner Associates, 1, $0, $0,
MGA, 1, $0, $0,
Filmchoice, 1, $0, $0,
Universum Film, 1, $0, $0,
Lucky Hat Entertainment, 2, $0, $0,
Valiant Films, 1, $0, $0,
Mayfair, 1, $0, $0,
United Producers Releasing …, 1, $0, $0,
MK2 Diffusion, 2, $0, $0,
Gemini-Maron, 1, $0, $0,
Pennebaker Films, 1, $0, $0,
French Motion Picture Company, 1, $0, $0,
Giant Pictures, 2, $0, $0,
Cinevision Films, 1, $0, $0,
Hope Runs High, 2, $0, $0,
S.J. International Pictures, 1, $0, $0,
Crooked Teeth Productions, 1, $0, $0,
Hep Pictures, 1, $0, $0,
Pathé Exchange, 1, $0, $0,
Arthur Ziehm, 1, $0, $0,
Turtle Releasing, 1, $0, $0,
Motion Picture Marketing, 1, $0, $0,
Crystal Creek Media, 2, $0, $0,
William Mishkin Motion Pict…, 1, $0, $0,
Best Film & Video Corp., 1, $0, $0,
Film Art Media, 1, $0, $0,
Reeltime Distributing Corpo…, 1, $0, $0,
Level Forward, 1, $0, $0,
Raven Banner Entertainment, 1, $0, $0,
Bryanston Distributing, 1, $0, $0,
Axispacific Filmworks, 1, $0, $0,
Picturmedia, 1, $0, $0,
Astral Films, 1, $0, $0,
Capital Motion Picture Group, 1, $0, $0,
Black Jellybeans Productions, 1, $0, $0,
Astor Pictures Corporation, 1, $0, $0,
Classic Pictures, 1, $0, $0,
Ardor Pictures, 1, $0, $0,
International Spectrafilm, 1, $0, $0,
Parallel Media, 1, $0, $0,
"LOGTV, LTD", 1, $0, $0,
Running Wild Films, 1, $0, $0,
Orange Médias, 1, $0, $0,
Fury Films Ltd, 1, $0, $0,
BayView Entertainment, 1, $0, $0,
fourthactrfilm, 2, $0, $0,
Boxoffice International Pic…, 1, $0, $0,
iTunes, 1, $0, $0,
Indiecan Entertainment, 1, $0, $0,
Roland C. Price Productions, 1, $0, $0,
JAD Films International, 1, $0, $0,
Nova Vento Entertainment, 2, $0, $0,
Digital Media Rights, 1, $0, $0,
9393 Pictures, 1, $0, $0,
Fanfare Films, 1, $0, $0,
123 Go Films, 1, $0, $0,
8Above, 1, $0, $0,
Backstreet Films, 1, $0, $0,
Scotti Brothers Pictures, 2, $0, $0,
Eagle-Lion Classics, 1, $0, $0,
Cal-Com, 1, $0, $0,
Moviegraphs, 1, $0, $0,
Job’s Daughter, 1, $0, $0,
Redbox Entertainment, 1, $0, $0,
Deutchman Company, 1, $0, $0,
Cinema 5 Distributing, 1, $0, $0,
Alive Films, 1, $0, $0,
Fact Not Fiction Films, 1, $0, $0,
Indieflip, 1, $0, $0,
Sono Art-World Wide Pictures, 1, $0, $0,
Pegasus Flying Films, 1," $100,000", $0,
Seaberg Film Distribution, 1, $0, $0,
Joseph Green Pictures, 1, $0, $0,
Gibraltar Motion Pictures D…, 1, $0, $0,
Lone Star Pictures Internat…, 1, $0, $0,
Rock Salt Releasing, 1, $0, $0,
Dozo Films, 1, $0, $0,
DeskPop Entertainment, 3, $0, $0,
Realworks LTD, 1, $0, $0,
XWS, 1, $0, $0,
Redbud Studios, 1, $0, $0,
Norman Film Manufacturing C…, 1, $0, $0,
eOne Films, 1, $0, $0,
Rochelle Films, 1, $0, $0,
Launch Releasing, 1, $0, $0,
Falling Forward Films, 5, $0, $0,
Almond Tree Films, 1, $0, $0,
Lennexe Films, 1, $0, $0,
PoC Studios, 1, $0, $0,
Rae Film, 1, $0, $0,
Creator+, 1, $0, $0,
Trinity Cine Asia, 1, $0, $0,
Play Nice Productions, 1, $0, $0,
Mill Creek Entertainment, 1, $0, $0,
Spring Lane Studios, 1, $0, $0,
FilmOne Entertainment, 1, $0, $0,
Going Attractions, 1, $0, $0,
Brian Distributing, 1, $0, $0,
Six Shooter Studios LLC, 1, $0, $0,
Rose Dove Entertainment, 1, $0, $0,
FiDi Talkies, 1, $0, $0,
Kelly’s Filmworks, 1, $0, $0,
Auroris Media, 1, $0, $0,
New Moon Films, 1, $0, $0,
KDM Media, 1, $0, $0,
3388 Films, 1, $0, $0,
Arch and Bow Films, 1, $0, $0,
Beach City Media, 1, $0, $0,
MakeMake Entertainment, 1, $0, $0,
Argo One Productions, 1, $0, $0,
Rowdy Pictures, 1, $0, $0,
Mainframe Pictures, 1, $0, $0,
Seven Minds Family Films, 1, $0, $0,
Fandor, 1, $0, $0,
Bioskope Films, 1, $0, $0,
Rajnandini Entertainment, 1, $0, $0,
Lemon Martini Productions, 1, $0, $0,
Friday Film House, 1, $0, $0,
Meridian Hill Pictures, 1, $0, $0,
Forever Legend Film House, 1, $0, $0,
Small Batch Studio Entertai…, 1, $0, $0,
Galaxy Cinema, 1, $0, $0,
Vidhatha Productions, 1, $0, $0,
ZapruderFlix, 1, $0, $0,
The Horror Collective, 1, $0, $0,
Reina Productions, 1, $0, $0,
Wafilms, 1, $0, $0,
DN Cinematics, 1, $0, $0,
The Asylum, 2, $0, $0,
Bright Productions Studios, 1, $0, $0,
The Primal Group, 1, $0, $0,
Shine the Light Films, 1, $0, $0,
Stonecutter Media, 1, $0, $0,
Benaras Mediaworks, 1, $0, $0,
Lone Pine Pictures, 1, $0, $0,
Westfield Entertainment, 1, $0, $0,
Pure Magic Pictures, 1, $0, $0,
SV2 Entertainment, 1, $0, $0,
Slasher Film Productions, 1, $0, $0,
Dash Films, 1, $0, $0,
Prathyangira Cinemas , 1, $0, $0,
Sub-Genre Film, 1, $0, $0,
Vedaansh Creative Works, 1, $0, $0,
Little Big Films, 1, $0, $0,
Unbranded Events, 1, $0, $0,
National Geographic Documen…, 1, $0, $0,
Toho International, 1, $0, $0,
KW Talkies, 1, $0, $0,
Bharat American Creations, 1, $0, $0,
